<?xml version="1.0" encoding="UTF-8"?>
<metadata xml:lang="fi"><Esri><CreaDate>20130430</CreaDate><CreaTime>13231300</CreaTime><SyncOnce>FALSE</SyncOnce><DataProperties><itemProps><itemName Sync="TRUE">Kaikkipalvelut03122012</itemName><imsContentType Sync="TRUE">002</imsContentType><itemLocation><linkage Sync="TRUE">file://\\VIRASTO2\Kkartat\KESKEN\MK tarkistus\Keskusverkko\Kuntien palvelut\Kaikkipalvelut03122012.shp</linkage><protocol Sync="TRUE">Local Area Network</protocol></itemLocation><itemSize Sync="TRUE">0.000</itemSize></itemProps><coordRef><type Sync="TRUE">Projected</type><geogcsn Sync="TRUE">GCS_EUREF_FIN</geogcsn><csUnits Sync="TRUE">Linear Unit: Meter (1.000000)</csUnits><projcsn Sync="TRUE">EUREF_FIN_TM35FIN</projcsn><peXml Sync="TRUE">&lt;ProjectedCoordinateSystem xsi:type='typens:ProjectedCoordinateSystem' xmlns:xsi='http://www.w3.org/2001/XMLSchema-instance' xmlns:xs='http://www.w3.org/2001/XMLSchema' xmlns:typens='http://www.esri.com/schemas/ArcGIS/10.0'&gt;&lt;WKT&gt;PROJCS[&amp;quot;EUREF_FIN_TM35FIN&amp;quot;,GEOGCS[&amp;quot;GCS_EUREF_FIN&amp;quot;,DATUM[&amp;quot;D_ETRS_1989&amp;quot;,SPHEROID[&amp;quot;GRS_1980&amp;quot;,6378137.0,298.257222101]],PRIMEM[&amp;quot;Greenwich&amp;quot;,0.0],UNIT[&amp;quot;Degree&amp;quot;,0.0174532925199433]],PROJECTION[&amp;quot;Transverse_Mercator&amp;quot;],PARAMETER[&amp;quot;False_Easting&amp;quot;,500000.0],PARAMETER[&amp;quot;False_Northing&amp;quot;,0.0],PARAMETER[&amp;quot;Central_Meridian&amp;quot;,27.0],PARAMETER[&amp;quot;Scale_Factor&amp;quot;,0.9996],PARAMETER[&amp;quot;Latitude_Of_Origin&amp;quot;,0.0],UNIT[&amp;quot;Meter&amp;quot;,1.0],AUTHORITY[&amp;quot;EPSG&amp;quot;,3067]]&lt;/WKT&gt;&lt;XOrigin&gt;-5120900&lt;/XOrigin&gt;&lt;YOrigin&gt;-9998100&lt;/YOrigin&gt;&lt;XYScale&gt;450445547.3910538&lt;/XYScale&gt;&lt;ZOrigin&gt;-100000&lt;/ZOrigin&gt;&lt;ZScale&gt;10000&lt;/ZScale&gt;&lt;MOrigin&gt;-100000&lt;/MOrigin&gt;&lt;MScale&gt;10000&lt;/MScale&gt;&lt;XYTolerance&gt;0.001&lt;/XYTolerance&gt;&lt;ZTolerance&gt;0.001&lt;/ZTolerance&gt;&lt;MTolerance&gt;0.001&lt;/MTolerance&gt;&lt;HighPrecision&gt;true&lt;/HighPrecision&gt;&lt;WKID&gt;3067&lt;/WKID&gt;&lt;/ProjectedCoordinateSystem&gt;</peXml></coordRef><lineage><Process ToolSource="c:\program files\arcgis\desktop10.0\ArcToolbox\Toolboxes\Data Management Tools.tbx\CopyFeatures" Date="20111020" Time="130044">CopyFeatures Ala_asteet_euref_point "\\VIRASTO2\Kkartat\KESKEN\Keskusverkko\Kuntien palvelut\kuntienpalvelut.gdb\Ala_asteet_euref_point" # 0 0 0</Process><Process ToolSource="C:\Program Files\ArcGIS\Desktop10.0\ArcToolbox\Toolboxes\Data Management Tools.tbx\CalculateField" Date="20111020" Time="133547">CalculateField Ala_asteet_euref_point Kohde "alakoulu" VB #</Process><Process ToolSource="C:\Program Files\ArcGIS\Desktop10.0\ArcToolbox\Toolboxes\Data Management Tools.tbx\CalculateField" Date="20111024" Time="120624">CalculateField Ala_asteet_euref_point Luokat [A] VB #</Process><Process ToolSource="C:\Program Files\ArcGIS\Desktop10.0\ArcToolbox\Toolboxes\Data Management Tools.tbx\CalculateField" Date="20111024" Time="120710">CalculateField Ala_asteet_euref_point Koulu [B] VB #</Process><Process ToolSource="C:\Program Files\ArcGIS\Desktop10.0\ArcToolbox\Toolboxes\Data Management Tools.tbx\CalculateField" Date="20111024" Time="120813">CalculateField Ala_asteet_euref_point www_osoite [C] VB #</Process><Process ToolSource="c:\program files\arcgis\desktop10.0\ArcToolbox\Toolboxes\Conversion Tools.tbx\FeatureClassToFeatureClass" Date="20111110" Time="123828">FeatureClassToFeatureClass "\\VIRASTO2\Kkartat\KESKEN\MK tarkistus\Keskusverkko\Kuntien palvelut\kuntienpalvelut.gdb\Ala_asteet_euref_point" C:\Users\Nurmi\Desktop\koulut alakoulu.shp # "Kohde "Kohde" true true false 50 Text 0 0 ,First,#,\\VIRASTO2\Kkartat\KESKEN\MK tarkistus\Keskusverkko\Kuntien palvelut\kuntienpalvelut.gdb\Ala_asteet_euref_point,Kohde,-1,-1;Luokat "Luokat" true true false 30 Text 0 0 ,First,#,\\VIRASTO2\Kkartat\KESKEN\MK tarkistus\Keskusverkko\Kuntien palvelut\kuntienpalvelut.gdb\Ala_asteet_euref_point,Luokat,-1,-1;Koulu "Koulu" true true false 50 Text 0 0 ,First,#,\\VIRASTO2\Kkartat\KESKEN\MK tarkistus\Keskusverkko\Kuntien palvelut\kuntienpalvelut.gdb\Ala_asteet_euref_point,Koulu,-1,-1;www_osoite "www_osoite" true true false 223 Text 0 0 ,First,#,\\VIRASTO2\Kkartat\KESKEN\MK tarkistus\Keskusverkko\Kuntien palvelut\kuntienpalvelut.gdb\Ala_asteet_euref_point,www_osoite,-1,-1" #</Process><Process ToolSource="c:\program files\arcgis\desktop10.0\ArcToolbox\Toolboxes\Data Management Tools.tbx\Merge" Date="20121203" Time="153425">Merge alakoulu;alko;ammatti_instituutti;apteekki;kelat;lukio;nuoristotila;paivakoti;postit_2011_lounaispaikka_euref;terveysasema;vanhainkoti;ylakoulu;huoltoasemat2012;jäähallit;kunnanvirastot;Liikunta_ja_palloiluhalli_euref_point;Liikunta_ja_palloiluhalli_euref_point_taydennys;palloiluliikuntahalli;pankit2012;sosiaalipalvelut_2012;uimahallit;yhteispalvelu;VS_kirjastot_putsattu "\\VIRASTO2\Kkartat\KESKEN\MK tarkistus\Keskusverkko\Kuntien palvelut\Kaikkipalvelut03122012.shp" "Kohde "Kohde" true true false 50 Text 0 0 ,First,#,alakoulu,Kohde,-1,-1,alko,Kohde,-1,-1,ammatti_instituutti,Kohde,-1,-1,apteekki,Kohde,-1,-1,kelat,Kohde,-1,-1,lukio,Kohde,-1,-1,nuoristotila,Kohde,-1,-1,paivakoti,Kohde,-1,-1,postit_2011_lounaispaikka_euref,Kohde,-1,-1,terveysasema,Kohde,-1,-1,vanhainkoti,Kohde,-1,-1,ylakoulu,Kohde,-1,-1,huoltoasemat2012,Kohde,-1,-1,jäähallit,Kohde,-1,-1,kunnanvirastot,Kohde,-1,-1,Liikunta_ja_palloiluhalli_euref_point,Kohde,-1,-1,Liikunta_ja_palloiluhalli_euref_point_taydennys,Kohde,-1,-1,palloiluliikuntahalli,Kohde,-1,-1,pankit2012,Kohde,-1,-1,sosiaalipalvelut_2012,Kohde,-1,-1,uimahallit,Kohde,-1,-1,yhteispalvelu,Kohde,-1,-1,VS_kirjastot_putsattu,Kohde,-1,-1;Luokat "Luokat" true true false 30 Text 0 0 ,First,#,alakoulu,Luokat,-1,-1,ylakoulu,Luokat,-1,-1;Koulu "Koulu" true true false 50 Text 0 0 ,First,#,alakoulu,Koulu,-1,-1,lukio,Koulu,-1,-1,ylakoulu,Koulu,-1,-1;www_osoite "www_osoite" true true false 223 Text 0 0 ,First,#,alakoulu,www_osoite,-1,-1,lukio,www_osoite,-1,-1,ylakoulu,www_osoite,-1,-1;Loc_name "Loc_name" true true false 89 Text 0 0 ,First,#,alko,Loc_name,-1,-1,apteekki,Loc_name,-1,-1,huoltoasemat2012,Loc_name,-1,-1,jäähallit,Loc_name,-1,-1,kunnanvirastot,Loc_name,-1,-1,Liikunta_ja_palloiluhalli_euref_point_taydennys,Loc_name,-1,-1,palloiluliikuntahalli,Loc_name,-1,-1,sosiaalipalvelut_2012,Loc_name,-1,-1,uimahallit,Loc_name,-1,-1,yhteispalvelu,Loc_name,-1,-1;Status "Status" true true false 1 Text 0 0 ,First,#,alko,Status,-1,-1,apteekki,Status,-1,-1,huoltoasemat2012,Status,-1,-1,jäähallit,Status,-1,-1,kunnanvirastot,Status,-1,-1,Liikunta_ja_palloiluhalli_euref_point_taydennys,Status,-1,-1,palloiluliikuntahalli,Status,-1,-1,sosiaalipalvelut_2012,Status,-1,-1,uimahallit,Status,-1,-1,yhteispalvelu,Status,-1,-1;Score "Score" true true false 4 Short 0 4 ,First,#,alko,Score,-1,-1,apteekki,Score,-1,-1,huoltoasemat2012,Score,-1,-1,jäähallit,Score,-1,-1,kunnanvirastot,Score,-1,-1,Liikunta_ja_palloiluhalli_euref_point_taydennys,Score,-1,-1,palloiluliikuntahalli,Score,-1,-1,sosiaalipalvelut_2012,Score,-1,-1,uimahallit,Score,-1,-1,yhteispalvelu,Score,-1,-1;Match_type "Match_type" true true false 2 Text 0 0 ,First,#,alko,Match_type,-1,-1,apteekki,Match_type,-1,-1,huoltoasemat2012,Match_type,-1,-1,jäähallit,Match_type,-1,-1,kunnanvirastot,Match_type,-1,-1,Liikunta_ja_palloiluhalli_euref_point_taydennys,Match_type,-1,-1,palloiluliikuntahalli,Match_type,-1,-1,sosiaalipalvelut_2012,Match_type,-1,-1,uimahallit,Match_type,-1,-1,yhteispalvelu,Match_type,-1,-1;Side "Side" true true false 1 Text 0 0 ,First,#,alko,Side,-1,-1,apteekki,Side,-1,-1,huoltoasemat2012,Side,-1,-1,jäähallit,Side,-1,-1,kunnanvirastot,Side,-1,-1,Liikunta_ja_palloiluhalli_euref_point_taydennys,Side,-1,-1,palloiluliikuntahalli,Side,-1,-1,pankit2012,Side,-1,-1,sosiaalipalvelut_2012,Side,-1,-1,uimahallit,Side,-1,-1,yhteispalvelu,Side,-1,-1;X "X" true true false 19 Double 0 0 ,First,#,alko,X,-1,-1,apteekki,X,-1,-1,kelat,X,-1,-1,huoltoasemat2012,X,-1,-1,jäähallit,X,-1,-1,kunnanvirastot,X,-1,-1,Liikunta_ja_palloiluhalli_euref_point_taydennys,X,-1,-1,palloiluliikuntahalli,X,-1,-1,pankit2012,X,-1,-1,sosiaalipalvelut_2012,X,-1,-1,uimahallit,X,-1,-1,yhteispalvelu,X,-1,-1;Y "Y" true true false 19 Double 0 0 ,First,#,alko,Y,-1,-1,apteekki,Y,-1,-1,kelat,Y,-1,-1,huoltoasemat2012,Y,-1,-1,jäähallit,Y,-1,-1,kunnanvirastot,Y,-1,-1,Liikunta_ja_palloiluhalli_euref_point_taydennys,Y,-1,-1,palloiluliikuntahalli,Y,-1,-1,pankit2012,Y,-1,-1,sosiaalipalvelut_2012,Y,-1,-1,uimahallit,Y,-1,-1,yhteispalvelu,Y,-1,-1;Match_addr "Match_addr" true true false 93 Text 0 0 ,First,#,alko,Match_addr,-1,-1,apteekki,Match_addr,-1,-1,huoltoasemat2012,Match_addr,-1,-1,jäähallit,Match_addr,-1,-1,kunnanvirastot,Match_addr,-1,-1,Liikunta_ja_palloiluhalli_euref_point_taydennys,Match_addr,-1,-1,palloiluliikuntahalli,Match_addr,-1,-1,pankit2012,Match_addr,-1,-1,sosiaalipalvelut_2012,Match_addr,-1,-1,uimahallit,Match_addr,-1,-1,yhteispalvelu,Match_addr,-1,-1;Country "Country" true true false 50 Text 0 0 ,First,#,alko,Country,-1,-1,apteekki,Country,-1,-1,huoltoasemat2012,Country,-1,-1,jäähallit,Country,-1,-1,kunnanvirastot,Country,-1,-1,Liikunta_ja_palloiluhalli_euref_point_taydennys,Country,-1,-1,palloiluliikuntahalli,Country,-1,-1,pankit2012,Country,-1,-1,sosiaalipalvelut_2012,Country,-1,-1,uimahallit,Country,-1,-1,yhteispalvelu,Country,-1,-1;Admin_Name "Admin_Name" true true false 80 Text 0 0 ,First,#,alko,Admin_Name,-1,-1,apteekki,Admin_Name,-1,-1,huoltoasemat2012,Admin_Name,-1,-1,jäähallit,Admin_Name,-1,-1,kunnanvirastot,Admin_Name,-1,-1,Liikunta_ja_palloiluhalli_euref_point_taydennys,Admin_Name,-1,-1,palloiluliikuntahalli,Admin_Name,-1,-1,sosiaalipalvelut_2012,Admin_Name,-1,-1,uimahallit,Admin_Name,-1,-1,yhteispalvelu,Admin_Name,-1,-1;ARC_Addres "ARC_Addres" true true false 50 Text 0 0 ,First,#,alko,ARC_Addres,-1,-1,apteekki,ARC_Addres,-1,-1,huoltoasemat2012,ARC_Addres,-1,-1,jäähallit,ARC_Addres,-1,-1,kunnanvirastot,ARC_Addres,-1,-1,Liikunta_ja_palloiluhalli_euref_point_taydennys,ARC_Addres,-1,-1,palloiluliikuntahalli,ARC_Addres,-1,-1,sosiaalipalvelut_2012,ARC_Addres,-1,-1,uimahallit,ARC_Addres,-1,-1,yhteispalvelu,ARC_Addres,-1,-1;ARC_City "ARC_City" true true false 50 Text 0 0 ,First,#,alko,ARC_City,-1,-1,apteekki,ARC_City,-1,-1,huoltoasemat2012,ARC_City,-1,-1,jäähallit,ARC_City,-1,-1,kunnanvirastot,ARC_City,-1,-1,Liikunta_ja_palloiluhalli_euref_point_taydennys,ARC_City,-1,-1,palloiluliikuntahalli,ARC_City,-1,-1,sosiaalipalvelut_2012,ARC_City,-1,-1,uimahallit,ARC_City,-1,-1,yhteispalvelu,ARC_City,-1,-1;ARC_Postco "ARC_Postco" true true false 10 Text 0 0 ,First,#,alko,ARC_Postco,-1,-1,apteekki,ARC_Postco,-1,-1,huoltoasemat2012,ARC_Postco,-1,-1,jäähallit,ARC_Postco,-1,-1,kunnanvirastot,ARC_Postco,-1,-1,Liikunta_ja_palloiluhalli_euref_point_taydennys,ARC_Postco,-1,-1,palloiluliikuntahalli,ARC_Postco,-1,-1,sosiaalipalvelut_2012,ARC_Postco,-1,-1,uimahallit,ARC_Postco,-1,-1,yhteispalvelu,ARC_Postco,-1,-1;ARC_Countr "ARC_Countr" true true false 50 Text 0 0 ,First,#,alko,ARC_Countr,-1,-1,apteekki,ARC_Countr,-1,-1,huoltoasemat2012,ARC_Countr,-1,-1,jäähallit,ARC_Countr,-1,-1,kunnanvirastot,ARC_Countr,-1,-1,Liikunta_ja_palloiluhalli_euref_point_taydennys,ARC_Countr,-1,-1,palloiluliikuntahalli,ARC_Countr,-1,-1,sosiaalipalvelut_2012,ARC_Countr,-1,-1,uimahallit,ARC_Countr,-1,-1,yhteispalvelu,ARC_Countr,-1,-1;Alko "Alko" true true false 254 Text 0 0 ,First,#,alko,Alko,-1,-1;Osoite "Osoite" true true false 254 Text 0 0 ,First,#,alko,Osoite,-1,-1,apteekki,Osoite,-1,-1,kelat,Osoite,-1,-1,postit_2011_lounaispaikka_euref,Osoite,-1,-1,huoltoasemat2012,Osoite,-1,-1,Liikunta_ja_palloiluhalli_euref_point_taydennys,osoite,-1,-1,pankit2012,Osoite,-1,-1;Postinumer "Postinumer" true true false 254 Text 0 0 ,First,#,alko,Postinumer,-1,-1,apteekki,Postinumer,-1,-1,postit_2011_lounaispaikka_euref,Postinumer,-1,-1,huoltoasemat2012,Postinumer,-1,-1,Liikunta_ja_palloiluhalli_euref_point_taydennys,postinumer,-1,-1,pankit2012,Postinumer,-1,-1,VS_kirjastot_putsattu,Postinumer,-1,-1;Kunta "Kunta" true true false 254 Text 0 0 ,First,#,alko,Kunta,-1,-1,apteekki,Kunta,-1,-1,kelat,Kunta,-1,-1,Liikunta_ja_palloiluhalli_euref_point_taydennys,kunta,-1,-1,VS_kirjastot_putsattu,Kunta,-1,-1;Maa "Maa" true true false 254 Text 0 0 ,First,#,alko,Maa,-1,-1,apteekki,Maa,-1,-1,huoltoasemat2012,Maa,-1,-1,jäähallit,Maa,-1,-1,kunnanvirastot,Maa,-1,-1,Liikunta_ja_palloiluhalli_euref_point_taydennys,Maa,-1,-1,palloiluliikuntahalli,Maa,-1,-1,pankit2012,Maa,-1,-1,sosiaalipalvelut_2012,Maa,-1,-1,uimahallit,Maa,-1,-1,yhteispalvelu,Maa,-1,-1;Lisätieto "Lisätieto" true true false 254 Text 0 0 ,First,#,alko,Lisätieto,-1,-1,apteekki,Lisätieto,-1,-1,kunnanvirastot,Lisätieto,-1,-1;A "A" true true false 29 Text 0 0 ,First,#,ammatti_instituutti,A,-1,-1,nuoristotila,A,-1,-1,paivakoti,A,-1,-1,terveysasema,A,-1,-1,vanhainkoti,A,-1,-1,ylakoulu,A,-1,-1,Liikunta_ja_palloiluhalli_euref_point,A,-1,-1;B "B" true true false 65 Text 0 0 ,First,#,ammatti_instituutti,B,-1,-1,nuoristotila,B,-1,-1,paivakoti,B,-1,-1,terveysasema,B,-1,-1,vanhainkoti,B,-1,-1,Liikunta_ja_palloiluhalli_euref_point,B,-1,-1;D "D" true true false 19 Double 0 0 ,First,#,ammatti_instituutti,D,-1,-1,nuoristotila,D,-1,-1,paivakoti,D,-1,-1,terveysasema,D,-1,-1,vanhainkoti,D,-1,-1,Liikunta_ja_palloiluhalli_euref_point,D,-1,-1;Apteekki "Apteekki" true true false 254 Text 0 0 ,First,#,apteekki,Apteekki,-1,-1;Kotisivu "Kotisivu" true true false 254 Text 0 0 ,First,#,apteekki,Kotisivu,-1,-1;Nimi "Nimi" true true false 254 Text 0 0 ,First,#,kelat,Nimi,-1,-1,VS_kirjastot_putsattu,Nimi,-1,-1;Postinro "Postinro" true true false 16 Double 6 15 ,First,#,kelat,Postinro,-1,-1,jäähallit,Postinro,-1,-1,kunnanvirastot,Postinro,-1,-1,palloiluliikuntahalli,Postinro,-1,-1,sosiaalipalvelut_2012,Postinro,-1,-1,uimahallit,Postinro,-1,-1,yhteispalvelu,Postinro,-1,-1;Kunta2011 "Kunta2011" true true false 254 Text 0 0 ,First,#,kelat,Kunta2011,-1,-1;Aukiolo "Aukiolo" true true false 50 Text 0 0 ,First,#,kelat,Aukiolo,-1,-1;LÄHIOSOITE "LÄHIOSOITE" true true false 20 Text 0 0 ,First,#,lukio,LÄHIOSOITE,-1,-1;E "E" true true false 19 Double 0 0 ,First,#,nuoristotila,E,-1,-1,paivakoti,E,-1,-1,vanhainkoti,E,-1,-1,Liikunta_ja_palloiluhalli_euref_point,E,-1,-1;Alue_2011 "Alue_2011" true true false 254 Text 0 0 ,First,#,postit_2011_lounaispaikka_euref,Alue_2011,-1,-1;Toimipaikk "Toimipaikk" true true false 254 Text 0 0 ,First,#,postit_2011_lounaispaikka_euref,Toimipaikk,-1,-1,huoltoasemat2012,Toimipaikk,-1,-1,pankit2012,Toimipaikk,-1,-1,VS_kirjastot_putsattu,Toimipaikk,-1,-1;Toimipai_1 "Toimipai_1" true true false 254 Text 0 0 ,First,#,postit_2011_lounaispaikka_euref,Toimipai_1,-1,-1;Osoitenume "Osoitenume" true true false 16 Double 6 15 ,First,#,postit_2011_lounaispaikka_euref,Osoitenume,-1,-1;Tarkka_oso "Tarkka_oso" true true false 254 Text 0 0 ,First,#,postit_2011_lounaispaikka_euref,Tarkka_oso,-1,-1;Osoite_yhd "Osoite_yhd" true true false 254 Text 0 0 ,First,#,postit_2011_lounaispaikka_euref,Osoite_yhd,-1,-1;C2 "C2" true true false 19 Double 0 0 ,First,#,terveysasema,C2,-1,-1;Huoltoasem "Huoltoasem" true true false 254 Text 0 0 ,First,#,huoltoasemat2012,Huoltoasem,-1,-1;Tyyppi "Tyyppi" true true false 254 Text 0 0 ,First,#,huoltoasemat2012,Tyyppi,-1,-1;Kunta_2011 "Kunta_2011" true true false 254 Text 0 0 ,First,#,huoltoasemat2012,Kunta_2011,-1,-1,jäähallit,Kunta_2011,-1,-1,kunnanvirastot,Kunta_2011,-1,-1,palloiluliikuntahalli,Kunta_2011,-1,-1,pankit2012,Kunta_2011,-1,-1,sosiaalipalvelut_2012,Kunta_2011,-1,-1,uimahallit,Kunta_2011,-1,-1,yhteispalvelu,Kunta_2011,-1,-1;Sijaintiku "Sijaintiku" true true false 254 Text 0 0 ,First,#,jäähallit,Sijaintiku,-1,-1,kunnanvirastot,Sijaintiku,-1,-1,palloiluliikuntahalli,Sijaintiku,-1,-1,sosiaalipalvelut_2012,Sijaintiku,-1,-1,uimahallit,Sijaintiku,-1,-1,yhteispalvelu,Sijaintiku,-1,-1;Postiosoit "Postiosoit" true true false 254 Text 0 0 ,First,#,jäähallit,Postiosoit,-1,-1,kunnanvirastot,Postiosoit,-1,-1,palloiluliikuntahalli,Postiosoit,-1,-1,sosiaalipalvelut_2012,Postiosoit,-1,-1,uimahallit,Postiosoit,-1,-1,yhteispalvelu,Postiosoit,-1,-1;Postitoimi "Postitoimi" true true false 254 Text 0 0 ,First,#,jäähallit,Postitoimi,-1,-1,kunnanvirastot,Postitoimi,-1,-1,palloiluliikuntahalli,Postitoimi,-1,-1,sosiaalipalvelut_2012,Postitoimi,-1,-1,uimahallit,Postitoimi,-1,-1,yhteispalvelu,Postitoimi,-1,-1;Maakunta "Maakunta" true true false 254 Text 0 0 ,First,#,kunnanvirastot,Maakunta,-1,-1,yhteispalvelu,Maakunta,-1,-1;liikunta_j "liikunta_j" true true false 254 Text 0 0 ,First,#,Liikunta_ja_palloiluhalli_euref_point_taydennys,liikunta_j,-1,-1;kunta1 "kunta1" true true false 254 Text 0 0 ,First,#,Liikunta_ja_palloiluhalli_euref_point_taydennys,kunta1,-1,-1;Pankki "Pankki" true true false 254 Text 0 0 ,First,#,pankit2012,Pankki,-1,-1;Konttori "Konttori" true true false 254 Text 0 0 ,First,#,pankit2012,Konttori,-1,-1;Toimipaika "Toimipaika" true true false 254 Text 0 0 ,First,#,sosiaalipalvelut_2012,Toimipaika,-1,-1,yhteispalvelu,Toimipaika,-1,-1;Hilmon_pal "Hilmon_pal" true true false 254 Text 0 0 ,First,#,sosiaalipalvelut_2012,Hilmon_pal,-1,-1;Toimialalu "Toimialalu" true true false 254 Text 0 0 ,First,#,sosiaalipalvelut_2012,Toimialalu,-1,-1;Palveluluo "Palveluluo" true true false 254 Text 0 0 ,First,#,sosiaalipalvelut_2012,Palveluluo,-1,-1;Kuntapalve "Kuntapalve" true true false 254 Text 0 0 ,First,#,yhteispalvelu,Kuntapalve,-1,-1;Vakiopalve "Vakiopalve" true true false 254 Text 0 0 ,First,#,yhteispalvelu,Vakiopalve,-1,-1;Lisätiedot "Lisätiedot" true true false 254 Text 0 0 ,First,#,VS_kirjastot_putsattu,Lisätiedot,-1,-1;Katuosoite "Katuosoite" true true false 254 Text 0 0 ,First,#,VS_kirjastot_putsattu,Katuosoite,-1,-1"</Process><Process ToolSource="C:\Program Files\ArcGIS\Desktop10.0\ArcToolbox\Toolboxes\Data Management Tools.tbx\CalculateField" Date="20121204" Time="094514">CalculateField Kaikkipalvelut03122012 Nimi [Koulu] VB #</Process><Process ToolSource="C:\Program Files\ArcGIS\Desktop10.0\ArcToolbox\Toolboxes\Data Management Tools.tbx\CalculateField" Date="20121204" Time="094629">CalculateField Kaikkipalvelut03122012 Nimi [Alko] VB #</Process><Process ToolSource="C:\Program Files\ArcGIS\Desktop10.0\ArcToolbox\Toolboxes\Data Management Tools.tbx\CalculateField" Date="20121204" Time="094819">CalculateField Kaikkipalvelut03122012 Nimi [B] VB #</Process><Process ToolSource="C:\Program Files\ArcGIS\Desktop10.0\ArcToolbox\Toolboxes\Data Management Tools.tbx\CalculateField" Date="20121204" Time="094914">CalculateField Kaikkipalvelut03122012 Nimi [Apteekki] VB #</Process><Process ToolSource="C:\Program Files\ArcGIS\Desktop10.0\ArcToolbox\Toolboxes\Data Management Tools.tbx\CalculateField" Date="20121204" Time="095101">CalculateField Kaikkipalvelut03122012 Nimi [B] VB #</Process><Process ToolSource="C:\Program Files\ArcGIS\Desktop10.0\ArcToolbox\Toolboxes\Data Management Tools.tbx\CalculateField" Date="20121204" Time="095200">CalculateField Kaikkipalvelut03122012 Nimi [B] VB #</Process><Process ToolSource="C:\Program Files\ArcGIS\Desktop10.0\ArcToolbox\Toolboxes\Data Management Tools.tbx\CalculateField" Date="20121204" Time="095354">CalculateField Kaikkipalvelut03122012 Nimi [Toimipaikk] VB #</Process><Process ToolSource="C:\Program Files\ArcGIS\Desktop10.0\ArcToolbox\Toolboxes\Data Management Tools.tbx\CalculateField" Date="20121204" Time="095408">CalculateField Kaikkipalvelut03122012 Lisätiedot [Toimipai_1] VB #</Process><Process ToolSource="C:\Program Files\ArcGIS\Desktop10.0\ArcToolbox\Toolboxes\Data Management Tools.tbx\CalculateField" Date="20121204" Time="095440">CalculateField Kaikkipalvelut03122012 Katuosoite [Osoite_yhd] VB #</Process><Process ToolSource="C:\Program Files\ArcGIS\Desktop10.0\ArcToolbox\Toolboxes\Data Management Tools.tbx\CalculateField" Date="20121204" Time="095550">CalculateField Kaikkipalvelut03122012 Nimi [B] VB #</Process><Process ToolSource="C:\Program Files\ArcGIS\Desktop10.0\ArcToolbox\Toolboxes\Data Management Tools.tbx\CalculateField" Date="20121204" Time="095631">CalculateField Kaikkipalvelut03122012 Lisätiedot [A] VB #</Process><Process ToolSource="C:\Program Files\ArcGIS\Desktop10.0\ArcToolbox\Toolboxes\Data Management Tools.tbx\CalculateField" Date="20121204" Time="095758">CalculateField Kaikkipalvelut03122012 Kohde "Kunnallinen terveyskeskus" VB #</Process><Process ToolSource="C:\Program Files\ArcGIS\Desktop10.0\ArcToolbox\Toolboxes\Data Management Tools.tbx\CalculateField" Date="20121204" Time="095839">CalculateField Kaikkipalvelut03122012 Katuosoite [Postiosoit] VB #</Process><Process ToolSource="C:\Program Files\ArcGIS\Desktop10.0\ArcToolbox\Toolboxes\Data Management Tools.tbx\CalculateField" Date="20121204" Time="095917">CalculateField Kaikkipalvelut03122012 Nimi [Toimipaika] VB #</Process><Process ToolSource="C:\Program Files\ArcGIS\Desktop10.0\ArcToolbox\Toolboxes\Data Management Tools.tbx\CalculateField" Date="20121204" Time="100039">CalculateField Kaikkipalvelut03122012 Nimi [B] VB #</Process><Process ToolSource="C:\Program Files\ArcGIS\Desktop10.0\ArcToolbox\Toolboxes\Data Management Tools.tbx\CalculateField" Date="20121204" Time="100158">CalculateField Kaikkipalvelut03122012 Lisätiedot [Luokat] VB #</Process><Process ToolSource="C:\Program Files\ArcGIS\Desktop10.0\ArcToolbox\Toolboxes\Data Management Tools.tbx\CalculateField" Date="20121204" Time="100321">CalculateField Kaikkipalvelut03122012 Nimi [Huoltoasem] VB #</Process><Process ToolSource="C:\Program Files\ArcGIS\Desktop10.0\ArcToolbox\Toolboxes\Data Management Tools.tbx\CalculateField" Date="20121204" Time="100344">CalculateField Kaikkipalvelut03122012 Katuosoite [Osoite] VB #</Process><Process ToolSource="C:\Program Files\ArcGIS\Desktop10.0\ArcToolbox\Toolboxes\Data Management Tools.tbx\CalculateField" Date="20121204" Time="100443">CalculateField Kaikkipalvelut03122012 Nimi [Huoltoasem] VB #</Process><Process ToolSource="C:\Program Files\ArcGIS\Desktop10.0\ArcToolbox\Toolboxes\Data Management Tools.tbx\CalculateField" Date="20121204" Time="100456">CalculateField Kaikkipalvelut03122012 Katuosoite [Osoite] VB #</Process><Process ToolSource="C:\Program Files\ArcGIS\Desktop10.0\ArcToolbox\Toolboxes\Data Management Tools.tbx\CalculateField" Date="20121204" Time="100537">CalculateField Kaikkipalvelut03122012 Nimi [Huoltoasem] VB #</Process><Process ToolSource="C:\Program Files\ArcGIS\Desktop10.0\ArcToolbox\Toolboxes\Data Management Tools.tbx\CalculateField" Date="20121204" Time="100601">CalculateField Kaikkipalvelut03122012 Katuosoite [Osoite] VB #</Process><Process ToolSource="C:\Program Files\ArcGIS\Desktop10.0\ArcToolbox\Toolboxes\Data Management Tools.tbx\CalculateField" Date="20121204" Time="100713">CalculateField Kaikkipalvelut03122012 Katuosoite [Postiosoit] VB #</Process><Process ToolSource="C:\Program Files\ArcGIS\Desktop10.0\ArcToolbox\Toolboxes\Data Management Tools.tbx\CalculateField" Date="20121204" Time="100840">CalculateField Kaikkipalvelut03122012 Nimi [B] VB #</Process><Process ToolSource="C:\Program Files\ArcGIS\Desktop10.0\ArcToolbox\Toolboxes\Data Management Tools.tbx\CalculateField" Date="20121204" Time="100938">CalculateField Kaikkipalvelut03122012 Nimi [liikunta_j] VB #</Process><Process ToolSource="C:\Program Files\ArcGIS\Desktop10.0\ArcToolbox\Toolboxes\Data Management Tools.tbx\CalculateField" Date="20121204" Time="100953">CalculateField Kaikkipalvelut03122012 Katuosoite [Osoite] VB #</Process><Process ToolSource="C:\Program Files\ArcGIS\Desktop10.0\ArcToolbox\Toolboxes\Data Management Tools.tbx\CalculateField" Date="20121204" Time="101129">CalculateField Kaikkipalvelut03122012 Katuosoite [Postiosoit] VB #</Process><Process ToolSource="C:\Program Files\ArcGIS\Desktop10.0\ArcToolbox\Toolboxes\Data Management Tools.tbx\CalculateField" Date="20121204" Time="101151">CalculateField Kaikkipalvelut03122012 Lisätiedot [Lisätieto] VB #</Process><Process ToolSource="C:\Program Files\ArcGIS\Desktop10.0\ArcToolbox\Toolboxes\Data Management Tools.tbx\CalculateField" Date="20121204" Time="101245">CalculateField Kaikkipalvelut03122012 Nimi [Postitoimi] VB #</Process><Process ToolSource="C:\Program Files\ArcGIS\Desktop10.0\ArcToolbox\Toolboxes\Data Management Tools.tbx\CalculateField" Date="20121204" Time="101319">CalculateField Kaikkipalvelut03122012 Nimi [Pankki] VB #</Process><Process ToolSource="C:\Program Files\ArcGIS\Desktop10.0\ArcToolbox\Toolboxes\Data Management Tools.tbx\CalculateField" Date="20121204" Time="101427">CalculateField Kaikkipalvelut03122012 Nimi [Pankki] VB #</Process><Process ToolSource="C:\Program Files\ArcGIS\Desktop10.0\ArcToolbox\Toolboxes\Data Management Tools.tbx\CalculateField" Date="20121204" Time="101449">CalculateField Kaikkipalvelut03122012 Katuosoite [Osoite] VB #</Process><Process ToolSource="C:\Program Files\ArcGIS\Desktop10.0\ArcToolbox\Toolboxes\Data Management Tools.tbx\CalculateField" Date="20121204" Time="101549">CalculateField Kaikkipalvelut03122012 Nimi [B] VB #</Process><Process ToolSource="C:\Program Files\ArcGIS\Desktop10.0\ArcToolbox\Toolboxes\Data Management Tools.tbx\CalculateField" Date="20121204" Time="101632">CalculateField Kaikkipalvelut03122012 Katuosoite [Postiosoit] VB #</Process><Process ToolSource="C:\Program Files\ArcGIS\Desktop10.0\ArcToolbox\Toolboxes\Data Management Tools.tbx\CalculateField" Date="20121204" Time="101728">CalculateField Kaikkipalvelut03122012 Nimi [liikunta_j] VB #</Process><Process ToolSource="C:\Program Files\ArcGIS\Desktop10.0\ArcToolbox\Toolboxes\Data Management Tools.tbx\CalculateField" Date="20121204" Time="101814">CalculateField Kaikkipalvelut03122012 Katuosoite [Osoite] VB #</Process><Process ToolSource="C:\Program Files\ArcGIS\Desktop10.0\ArcToolbox\Toolboxes\Data Management Tools.tbx\CalculateField" Date="20121204" Time="102031">CalculateField Kaikkipalvelut03122012 Nimi [B] VB #</Process><Process ToolSource="C:\Program Files\ArcGIS\Desktop10.0\ArcToolbox\Toolboxes\Data Management Tools.tbx\CalculateField" Date="20121204" Time="102056">CalculateField Kaikkipalvelut03122012 Katuosoite [Postiosoit] VB #</Process><Process ToolSource="C:\Program Files\ArcGIS\Desktop10.0\ArcToolbox\Toolboxes\Data Management Tools.tbx\CalculateField" Date="20121204" Time="102140">CalculateField Kaikkipalvelut03122012 Katuosoite [Osoite] VB #</Process><Process ToolSource="C:\Program Files\ArcGIS\Desktop10.0\ArcToolbox\Toolboxes\Data Management Tools.tbx\CalculateField" Date="20121205" Time="083436">CalculateField Kaikkipalvelut03122012 Nimi [liikunta_j] VB #</Process><Process ToolSource="C:\Program Files\ArcGIS\Desktop10.0\ArcToolbox\Toolboxes\Data Management Tools.tbx\CalculateField" Date="20121205" Time="083452">CalculateField Kaikkipalvelut03122012 Katuosoite [Osoite] VB #</Process><Process ToolSource="C:\Program Files\ArcGIS\Desktop10.0\ArcToolbox\Toolboxes\Data Management Tools.tbx\CalculateField" Date="20121205" Time="083704">CalculateField Kaikkipalvelut03122012 Katuosoite [Osoite] VB #</Process><Process ToolSource="C:\Program Files\ArcGIS\Desktop10.0\ArcToolbox\Toolboxes\Data Management Tools.tbx\CalculateField" Date="20121205" Time="083952">CalculateField Kaikkipalvelut03122012 Katuosoite [Osoite] VB #</Process><Process ToolSource="C:\Program Files\ArcGIS\Desktop10.0\ArcToolbox\Toolboxes\Data Management Tools.tbx\CalculateField" Date="20121205" Time="084040">CalculateField Kaikkipalvelut03122012 Katuosoite [Osoite] VB #</Process><Process ToolSource="C:\Program Files\ArcGIS\Desktop10.0\ArcToolbox\Toolboxes\Data Management Tools.tbx\CalculateField" Date="20121205" Time="084154">CalculateField Kaikkipalvelut03122012 Katuosoite [Postiosoit] VB #</Process><Process ToolSource="C:\Program Files\ArcGIS\Desktop10.0\ArcToolbox\Toolboxes\Data Management Tools.tbx\CalculateField" Date="20121205" Time="084206">CalculateField Kaikkipalvelut03122012 Nimi [Toimipaika] VB #</Process><Process ToolSource="C:\Program Files\ArcGIS\Desktop10.0\ArcToolbox\Toolboxes\Data Management Tools.tbx\CalculateField" Date="20121205" Time="084739">CalculateField Kaikkipalvelut03122012 Nimi [Toimipaika] VB #</Process><Process ToolSource="C:\Program Files\ArcGIS\Desktop10.0\ArcToolbox\Toolboxes\Data Management Tools.tbx\CalculateField" Date="20121205" Time="084757">CalculateField Kaikkipalvelut03122012 Katuosoite [Postiosoit] VB #</Process><Process ToolSource="C:\Program Files\ArcGIS\Desktop10.0\ArcToolbox\Toolboxes\Data Management Tools.tbx\CalculateField" Date="20121205" Time="085018">CalculateField Kaikkipalvelut03122012 Katuosoite [Postiosoit] VB #</Process><Process ToolSource="C:\Program Files\ArcGIS\Desktop10.0\ArcToolbox\Toolboxes\Data Management Tools.tbx\CalculateField" Date="20121205" Time="085039">CalculateField Kaikkipalvelut03122012 Nimi [Toimipaika] VB #</Process><Process ToolSource="C:\Program Files\ArcGIS\Desktop10.0\ArcToolbox\Toolboxes\Data Management Tools.tbx\CalculateField" Date="20121205" Time="085242">CalculateField Kaikkipalvelut03122012 Nimi [Toimipaika] VB #</Process><Process ToolSource="C:\Program Files\ArcGIS\Desktop10.0\ArcToolbox\Toolboxes\Data Management Tools.tbx\CalculateField" Date="20121205" Time="085419">CalculateField Kaikkipalvelut03122012 Katuosoite [Postiosoit] VB #</Process><Process ToolSource="C:\Program Files\ArcGIS\Desktop10.0\ArcToolbox\Toolboxes\Data Management Tools.tbx\CalculateField" Date="20121205" Time="085627">CalculateField Kaikkipalvelut03122012 Katuosoite [Postiosoit] VB #</Process><Process ToolSource="C:\Program Files\ArcGIS\Desktop10.0\ArcToolbox\Toolboxes\Data Management Tools.tbx\CalculateField" Date="20121205" Time="085646">CalculateField Kaikkipalvelut03122012 Nimi [Toimipaika] VB #</Process><Process ToolSource="C:\Program Files\ArcGIS\Desktop10.0\ArcToolbox\Toolboxes\Data Management Tools.tbx\CalculateField" Date="20121205" Time="085750">CalculateField Kaikkipalvelut03122012 Nimi [Toimipaika] VB #</Process><Process ToolSource="C:\Program Files\ArcGIS\Desktop10.0\ArcToolbox\Toolboxes\Data Management Tools.tbx\CalculateField" Date="20121205" Time="085801">CalculateField Kaikkipalvelut03122012 Katuosoite [Postiosoit] VB #</Process><Process ToolSource="C:\Program Files\ArcGIS\Desktop10.0\ArcToolbox\Toolboxes\Data Management Tools.tbx\CalculateField" Date="20121205" Time="090028">CalculateField Kaikkipalvelut03122012 Katuosoite [Postiosoit] VB #</Process><Process ToolSource="C:\Program Files\ArcGIS\Desktop10.0\ArcToolbox\Toolboxes\Data Management Tools.tbx\CalculateField" Date="20121205" Time="090047">CalculateField Kaikkipalvelut03122012 Nimi [Postiosoit] VB #</Process><Process ToolSource="C:\Program Files\ArcGIS\Desktop10.0\ArcToolbox\Toolboxes\Data Management Tools.tbx\CalculateField" Date="20121205" Time="090100">CalculateField Kaikkipalvelut03122012 Nimi [Toimipaika] VB #</Process><Process ToolSource="C:\Program Files\ArcGIS\Desktop10.0\ArcToolbox\Toolboxes\Data Management Tools.tbx\CalculateField" Date="20121205" Time="090215">CalculateField Kaikkipalvelut03122012 Nimi [Toimipaika] VB #</Process><Process ToolSource="C:\Program Files\ArcGIS\Desktop10.0\ArcToolbox\Toolboxes\Data Management Tools.tbx\CalculateField" Date="20121205" Time="090236">CalculateField Kaikkipalvelut03122012 Katuosoite [Postiosoit] VB #</Process><Process ToolSource="C:\Program Files\ArcGIS\Desktop10.0\ArcToolbox\Toolboxes\Data Management Tools.tbx\CalculateField" Date="20121205" Time="090339">CalculateField Kaikkipalvelut03122012 Katuosoite [Postiosoit] VB #</Process><Process ToolSource="C:\Program Files\ArcGIS\Desktop10.0\ArcToolbox\Toolboxes\Data Management Tools.tbx\CalculateField" Date="20121205" Time="090402">CalculateField Kaikkipalvelut03122012 Nimi [Toimipaika] VB #</Process><Process ToolSource="C:\Program Files\ArcGIS\Desktop10.0\ArcToolbox\Toolboxes\Data Management Tools.tbx\CalculateField" Date="20121207" Time="161543">CalculateField Kaikkipalvelut03122012 Kuntanro "019" VB #</Process><Process ToolSource="C:\Program Files\ArcGIS\Desktop10.0\ArcToolbox\Toolboxes\Data Management Tools.tbx\CalculateField" Date="20121210" Time="122711">CalculateField Kaikkipalvelut03122012 Kuntanro "243" VB #</Process><Process ToolSource="C:\Program Files\ArcGIS\Desktop10.0\ArcToolbox\Toolboxes\Data Management Tools.tbx\CalculateField" Date="20121210" Time="123020">CalculateField Kaikkipalvelut03122012 Kuntanro "284" VB #</Process><Process ToolSource="C:\Program Files\ArcGIS\Desktop10.0\ArcToolbox\Toolboxes\Data Management Tools.tbx\CalculateField" Date="20121210" Time="123113">CalculateField Kaikkipalvelut03122012 Kuntanro "304" VB #</Process><Process ToolSource="C:\Program Files\ArcGIS\Desktop10.0\ArcToolbox\Toolboxes\Data Management Tools.tbx\CalculateField" Date="20121210" Time="123156">CalculateField Kaikkipalvelut03122012 Kuntanro "202" VB #</Process><Process ToolSource="C:\Program Files\ArcGIS\Desktop10.0\ArcToolbox\Toolboxes\Data Management Tools.tbx\CalculateField" Date="20121210" Time="123307">CalculateField Kaikkipalvelut03122012 Kuntanro "400" VB #</Process><Process ToolSource="C:\Program Files\ArcGIS\Desktop10.0\ArcToolbox\Toolboxes\Data Management Tools.tbx\CalculateField" Date="20121210" Time="123826">CalculateField Kaikkipalvelut03122012 Kuntanro "423" VB #</Process><Process ToolSource="C:\Program Files\ArcGIS\Desktop10.0\ArcToolbox\Toolboxes\Data Management Tools.tbx\CalculateField" Date="20121210" Time="124004">CalculateField Kaikkipalvelut03122012 Kuntanro "430" VB #</Process><Process ToolSource="C:\Program Files\ArcGIS\Desktop10.0\ArcToolbox\Toolboxes\Data Management Tools.tbx\CalculateField" Date="20121210" Time="124536">CalculateField Kaikkipalvelut03122012 Kuntanro "480" VB #</Process><Process ToolSource="C:\Program Files\ArcGIS\Desktop10.0\ArcToolbox\Toolboxes\Data Management Tools.tbx\CalculateField" Date="20121210" Time="125844">CalculateField Kaikkipalvelut03122012 Kuntanro "481" VB #</Process><Process ToolSource="C:\Program Files\ArcGIS\Desktop10.0\ArcToolbox\Toolboxes\Data Management Tools.tbx\CalculateField" Date="20121210" Time="132303">CalculateField Kaikkipalvelut03122012 Kuntanro "503" VB #</Process><Process ToolSource="C:\Program Files\ArcGIS\Desktop10.0\ArcToolbox\Toolboxes\Data Management Tools.tbx\CalculateField" Date="20121210" Time="132522">CalculateField Kaikkipalvelut03122012 Kuntanro "529" VB #</Process><Process ToolSource="C:\Program Files\ArcGIS\Desktop10.0\ArcToolbox\Toolboxes\Data Management Tools.tbx\CalculateField" Date="20121210" Time="132739">CalculateField Kaikkipalvelut03122012 Kuntanro "538" VB #</Process><Process ToolSource="C:\Program Files\ArcGIS\Desktop10.0\ArcToolbox\Toolboxes\Data Management Tools.tbx\CalculateField" Date="20121210" Time="132904">CalculateField Kaikkipalvelut03122012 Kuntanro "561" VB #</Process><Process ToolSource="C:\Program Files\ArcGIS\Desktop10.0\ArcToolbox\Toolboxes\Data Management Tools.tbx\CalculateField" Date="20121210" Time="133003">CalculateField Kaikkipalvelut03122012 Kuntanro "577" VB #</Process><Process ToolSource="C:\Program Files\ArcGIS\Desktop10.0\ArcToolbox\Toolboxes\Data Management Tools.tbx\CalculateField" Date="20121210" Time="133137">CalculateField Kaikkipalvelut03122012 Kuntanro "631" VB #</Process><Process ToolSource="C:\Program Files\ArcGIS\Desktop10.0\ArcToolbox\Toolboxes\Data Management Tools.tbx\CalculateField" Date="20121210" Time="133257">CalculateField Kaikkipalvelut03122012 Kuntanro "636" VB #</Process><Process ToolSource="C:\Program Files\ArcGIS\Desktop10.0\ArcToolbox\Toolboxes\Data Management Tools.tbx\CalculateField" Date="20121210" Time="133443">CalculateField Kaikkipalvelut03122012 Kuntanro "680" VB #</Process><Process ToolSource="C:\Program Files\ArcGIS\Desktop10.0\ArcToolbox\Toolboxes\Data Management Tools.tbx\CalculateField" Date="20121210" Time="133734">CalculateField Kaikkipalvelut03122012 Kuntanro "704" VB #</Process><Process ToolSource="C:\Program Files\ArcGIS\Desktop10.0\ArcToolbox\Toolboxes\Data Management Tools.tbx\CalculateField" Date="20121210" Time="133858">CalculateField Kaikkipalvelut03122012 Kuntanro "734" VB #</Process><Process ToolSource="C:\Program Files\ArcGIS\Desktop10.0\ArcToolbox\Toolboxes\Data Management Tools.tbx\CalculateField" Date="20121210" Time="134539">CalculateField Kaikkipalvelut03122012 Kuntanro "738" VB #</Process><Process ToolSource="C:\Program Files\ArcGIS\Desktop10.0\ArcToolbox\Toolboxes\Data Management Tools.tbx\CalculateField" Date="20121210" Time="135533">CalculateField Kaikkipalvelut03122012 Kuntanro "761" VB #</Process><Process ToolSource="C:\Program Files\ArcGIS\Desktop10.0\ArcToolbox\Toolboxes\Data Management Tools.tbx\CalculateField" Date="20121210" Time="135700">CalculateField Kaikkipalvelut03122012 Kuntanro "733" VB #</Process><Process ToolSource="C:\Program Files\ArcGIS\Desktop10.0\ArcToolbox\Toolboxes\Data Management Tools.tbx\CalculateField" Date="20121210" Time="135803">CalculateField Kaikkipalvelut03122012 Kuntanro "838" VB #</Process><Process ToolSource="C:\Program Files\ArcGIS\Desktop10.0\ArcToolbox\Toolboxes\Data Management Tools.tbx\CalculateField" Date="20121210" Time="135922">CalculateField Kaikkipalvelut03122012 Kuntanro "833" VB #</Process><Process ToolSource="C:\Program Files\ArcGIS\Desktop10.0\ArcToolbox\Toolboxes\Data Management Tools.tbx\CalculateField" Date="20121210" Time="140012">CalculateField Kaikkipalvelut03122012 Kuntanro "853" VB #</Process><Process ToolSource="C:\Program Files\ArcGIS\Desktop10.0\ArcToolbox\Toolboxes\Data Management Tools.tbx\CalculateField" Date="20121210" Time="143710">CalculateField Kaikkipalvelut03122012 Kuntanro "895" VB #</Process><Process ToolSource="C:\Program Files\ArcGIS\Desktop10.0\ArcToolbox\Toolboxes\Data Management Tools.tbx\CalculateField" Date="20121210" Time="144015">CalculateField Kaikkipalvelut03122012 Kuntanro "918" VB #</Process><Process ToolSource="C:\Program Files\ArcGIS\Desktop10.0\ArcToolbox\Toolboxes\Data Management Tools.tbx\CalculateField" Date="20121210" Time="144138">CalculateField Kaikkipalvelut03122012 Kuntanro "445" VB #</Process><Process ToolSource="c:\program files\arcgis\desktop10.1\ArcToolbox\Toolboxes\Data Management Tools.tbx\CalculateField" Date="20131111" Time="093834">CalculateField varsinaissuomenpalvelut2013 Timestamp "11.11.2013" VB #</Process><Process ToolSource="c:\program files\arcgis\desktop10.1\ArcToolbox\Toolboxes\Data Management Tools.tbx\CalculateField" Date="20140210" Time="122952">CalculateField varsinaissuomenpalvelut2013 Timestamp "10.02.2014" VB #</Process><Process ToolSource="c:\program files\arcgis\desktop10.1\ArcToolbox\Toolboxes\Data Management Tools.tbx\CalculateField" Date="20140210" Time="123709">CalculateField varsinaissuomenpalvelut2013 Timestamp "10.02.2014" VB #</Process><Process ToolSource="c:\program files\arcgis\desktop10.1\ArcToolbox\Toolboxes\Data Management Tools.tbx\CalculateField" Date="20140211" Time="135602">CalculateField varsinaissuomenpalvelut2013 Timestamp "11.2.2014" VB #</Process><Process ToolSource="c:\program files\arcgis\desktop10.1\ArcToolbox\Toolboxes\Data Management Tools.tbx\CalculateField" Date="20140211" Time="161329">CalculateField varsinaissuomenpalvelut2013 Vakiopalve [Lisätiedot] VB #</Process><Process ToolSource="c:\program files\arcgis\desktop10.1\ArcToolbox\Toolboxes\Data Management Tools.tbx\CalculateField" Date="20140211" Time="161630">CalculateField varsinaissuomenpalvelut2013 Kuntapalve "Ser-jäte, lamput, akut, paristot ja/tai vaarallinen jäte" VB #</Process><Process ToolSource="c:\program files\arcgis\desktop10.1\ArcToolbox\Toolboxes\Data Management Tools.tbx\CalculateField" Date="20140211" Time="161656">CalculateField varsinaissuomenpalvelut2013 Kuntapalve "Seka-, energia- ja/tai biojäte" VB #</Process><Process ToolSource="c:\program files\arcgis\desktop10.1\ArcToolbox\Toolboxes\Data Management Tools.tbx\CalculateField" Date="20140211" Time="161720">CalculateField varsinaissuomenpalvelut2013 Kuntapalve "Metalli, paperi, lasi, kartonki, ser-jäte, lamput, akut, paristot ja/tai vaarallinen jäte" VB #</Process><Process ToolSource="c:\program files\arcgis\desktop10.1\ArcToolbox\Toolboxes\Data Management Tools.tbx\CalculateField" Date="20140211" Time="161746">CalculateField varsinaissuomenpalvelut2013 Kuntapalve "Metalli, paperi, lasi, kartonki, seka-, energia-, biojäte, ser-jäte, lamput, akut, paristot ja/tai vaarallinen jäte" VB #</Process><Process ToolSource="c:\program files\arcgis\desktop10.1\ArcToolbox\Toolboxes\Data Management Tools.tbx\CalculateField" Date="20140211" Time="161810">CalculateField varsinaissuomenpalvelut2013 Kuntapalve "Metalli, paperi, lasi, kartonki, seka-, energia- ja/tai biojäte" VB #</Process><Process ToolSource="c:\program files\arcgis\desktop10.1\ArcToolbox\Toolboxes\Data Management Tools.tbx\CalculateField" Date="20140211" Time="161931">CalculateField varsinaissuomenpalvelut2013 Kuntapalve "Kaikki jätejakeet" VB #</Process><Process ToolSource="c:\program files\arcgis\desktop10.1\ArcToolbox\Toolboxes\Data Management Tools.tbx\CalculateField" Date="20140211" Time="162001">CalculateField varsinaissuomenpalvelut2013 Kuntapalve "Metalli, paperi, lasi ja/tai kartonki" VB #</Process><Process ToolSource="c:\program files\arcgis\desktop10.1\ArcToolbox\Toolboxes\Data Management Tools.tbx\CalculateField" Date="20140211" Time="162101">CalculateField varsinaissuomenpalvelut2013 Lisätiedot "[Kuntapalve] +" " + [Vakiopalve]" VB #</Process><Process ToolSource="c:\program files\arcgis\desktop10.1\ArcToolbox\Toolboxes\Data Management Tools.tbx\CalculateField" Date="20140211" Time="162153">CalculateField varsinaissuomenpalvelut2013 Vakiopalve "" " " VB #</Process><Process ToolSource="c:\program files\arcgis\desktop10.1\ArcToolbox\Toolboxes\Data Management Tools.tbx\CalculateField" Date="20140211" Time="162236">CalculateField varsinaissuomenpalvelut2013 Kuntapalve "" " " VB #</Process><Process ToolSource="c:\program files\arcgis\desktop10.1\ArcToolbox\Toolboxes\Data Management Tools.tbx\CalculateField" Date="20140211" Time="162423">CalculateField varsinaissuomenpalvelut2013 Legend ""Ser-jäte, lamput, akut, paristot ja/tai vaarallinen jäte" " VB #</Process><Process ToolSource="c:\program files\arcgis\desktop10.1\ArcToolbox\Toolboxes\Data Management Tools.tbx\CalculateField" Date="20140211" Time="162446">CalculateField varsinaissuomenpalvelut2013 Legend ""Seka-, energia- ja/tai biojäte" " VB #</Process><Process ToolSource="c:\program files\arcgis\desktop10.1\ArcToolbox\Toolboxes\Data Management Tools.tbx\CalculateField" Date="20140211" Time="162510">CalculateField varsinaissuomenpalvelut2013 Legend ""Metalli, paperi, lasi, kartonki, ser-jäte, lamput, akut, paristot ja/tai vaarallinen jäte" " VB #</Process><Process ToolSource="c:\program files\arcgis\desktop10.1\ArcToolbox\Toolboxes\Data Management Tools.tbx\CalculateField" Date="20140211" Time="162531">CalculateField varsinaissuomenpalvelut2013 Legend ""Metalli, paperi, lasi, kartonki, seka-, energia-, biojäte, ser-jäte, lamput, akut, paristot ja/tai vaarallinen jäte" " VB #</Process><Process ToolSource="c:\program files\arcgis\desktop10.1\ArcToolbox\Toolboxes\Data Management Tools.tbx\CalculateField" Date="20140211" Time="162600">CalculateField varsinaissuomenpalvelut2013 Legend ""Metalli, paperi, lasi, kartonki, seka-, energia- ja/tai biojäte" " VB #</Process><Process ToolSource="c:\program files\arcgis\desktop10.1\ArcToolbox\Toolboxes\Data Management Tools.tbx\CalculateField" Date="20140211" Time="162622">CalculateField varsinaissuomenpalvelut2013 Legend ""Kaikki jätejakeet" " VB #</Process><Process ToolSource="c:\program files\arcgis\desktop10.1\ArcToolbox\Toolboxes\Data Management Tools.tbx\CalculateField" Date="20140211" Time="162657">CalculateField varsinaissuomenpalvelut2013 Legend ""Metalli, paperi, lasi ja/tai kartonki" " VB #</Process><Process ToolSource="c:\program files\arcgis\desktop10.1\ArcToolbox\Toolboxes\Data Management Tools.tbx\CalculateField" Date="20140212" Time="095018">CalculateField varsinaissuomenpalvelut2013 Timestamp "12.2.2014" VB #</Process><Process ToolSource="c:\program files\arcgis\desktop10.1\ArcToolbox\Toolboxes\Data Management Tools.tbx\CalculateField" Date="20140218" Time="125055">CalculateField varsinaissuomenpalvelut2013 Timestamp "18.2.2014" VB #</Process><Process ToolSource="c:\program files\arcgis\desktop10.1\ArcToolbox\Toolboxes\Data Management Tools.tbx\CalculateField" Date="20140219" Time="100942">CalculateField varsinaissuomenpalvelut2013 Kohde "Päivittäistavarakaupan ketjumyymälä" VB #</Process><Process ToolSource="c:\program files\arcgis\desktop10.2\ArcToolbox\Toolboxes\Data Management Tools.tbx\CalculateField" Date="20140523" Time="102821">CalculateField varsinaissuomenpalvelut2013 wwwlinkki [www_osoite] VB #</Process><Process ToolSource="c:\program files\arcgis\desktop10.2\ArcToolbox\Toolboxes\Data Management Tools.tbx\CalculateField" Date="20140523" Time="113811">CalculateField varsinaissuomenpalvelut2013 wwwlinkki [www_osoite] VB #</Process><Process ToolSource="c:\program files\arcgis\desktop10.2\ArcToolbox\Toolboxes\Data Management Tools.tbx\CalculateField" Date="20140523" Time="113820">CalculateField varsinaissuomenpalvelut2013 wwwlinkki [www_osoite] VB #</Process><Process ToolSource="c:\program files\arcgis\desktop10.2\ArcToolbox\Toolboxes\Data Management Tools.tbx\CalculateField" Date="20140523" Time="113829">CalculateField varsinaissuomenpalvelut2013 wwwlinkki [www_osoite] VB #</Process><Process ToolSource="c:\program files\arcgis\desktop10.2\ArcToolbox\Toolboxes\Data Management Tools.tbx\CalculateField" Date="20140523" Time="113839">CalculateField varsinaissuomenpalvelut2013 wwwlinkki [www_osoite] VB #</Process><Process ToolSource="c:\program files\arcgis\desktop10.2\ArcToolbox\Toolboxes\Data Management Tools.tbx\CalculateField" Date="20140523" Time="113846">CalculateField varsinaissuomenpalvelut2013 wwwlinkki [www_osoite] VB #</Process><Process ToolSource="c:\program files\arcgis\desktop10.2\ArcToolbox\Toolboxes\Data Management Tools.tbx\CalculateField" Date="20140523" Time="113856">CalculateField varsinaissuomenpalvelut2013 wwwlinkki [www_osoite] VB #</Process><Process ToolSource="c:\program files\arcgis\desktop10.2\ArcToolbox\Toolboxes\Data Management Tools.tbx\CalculateField" Date="20140523" Time="113908">CalculateField varsinaissuomenpalvelut2013 wwwlinkki [www_osoite] VB #</Process><Process ToolSource="c:\program files\arcgis\desktop10.2\ArcToolbox\Toolboxes\Data Management Tools.tbx\CalculateField" Date="20140523" Time="113919">CalculateField varsinaissuomenpalvelut2013 wwwlinkki [www_osoite] VB #</Process><Process ToolSource="c:\program files\arcgis\desktop10.2\ArcToolbox\Toolboxes\Data Management Tools.tbx\CalculateField" Date="20140523" Time="113928">CalculateField varsinaissuomenpalvelut2013 wwwlinkki [www_osoite] VB #</Process><Process ToolSource="c:\program files\arcgis\desktop10.2\ArcToolbox\Toolboxes\Data Management Tools.tbx\CalculateField" Date="20140523" Time="113934">CalculateField varsinaissuomenpalvelut2013 wwwlinkki [www_osoite] VB #</Process><Process ToolSource="c:\program files\arcgis\desktop10.2\ArcToolbox\Toolboxes\Data Management Tools.tbx\CalculateField" Date="20140523" Time="113945">CalculateField varsinaissuomenpalvelut2013 wwwlinkki [www_osoite] VB #</Process><Process ToolSource="c:\program files\arcgis\desktop10.2\ArcToolbox\Toolboxes\Data Management Tools.tbx\CalculateField" Date="20140523" Time="115155">CalculateField varsinaissuomenpalvelut2013 Lisätiedot [Lisätieto] VB #</Process><Process ToolSource="c:\program files\arcgis\desktop10.2\ArcToolbox\Toolboxes\Data Management Tools.tbx\CalculateField" Date="20140523" Time="115314">CalculateField varsinaissuomenpalvelut2013 Postinumer [Postinro] VB #</Process><Process ToolSource="c:\program files\arcgis\desktop10.2\ArcToolbox\Toolboxes\Data Management Tools.tbx\CalculateField" Date="20140523" Time="115330">CalculateField varsinaissuomenpalvelut2013 Postinumer [Postinro] VB #</Process><Process ToolSource="c:\program files\arcgis\desktop10.2\ArcToolbox\Toolboxes\Data Management Tools.tbx\CalculateField" Date="20140523" Time="115339">CalculateField varsinaissuomenpalvelut2013 Postinumer [Postinro] VB #</Process><Process ToolSource="c:\program files\arcgis\desktop10.2\ArcToolbox\Toolboxes\Data Management Tools.tbx\CalculateField" Date="20140523" Time="115350">CalculateField varsinaissuomenpalvelut2013 Postinumer [Postinro] VB #</Process><Process ToolSource="c:\program files\arcgis\desktop10.2\ArcToolbox\Toolboxes\Data Management Tools.tbx\CalculateField" Date="20140523" Time="115405">CalculateField varsinaissuomenpalvelut2013 Postinumer [Postinro] VB #</Process><Process ToolSource="c:\program files\arcgis\desktop10.2\ArcToolbox\Toolboxes\Data Management Tools.tbx\CalculateField" Date="20140523" Time="115412">CalculateField varsinaissuomenpalvelut2013 Postinumer [Postinro] VB #</Process><Process ToolSource="c:\program files\arcgis\desktop10.2\ArcToolbox\Toolboxes\Data Management Tools.tbx\CalculateField" Date="20140523" Time="115455">CalculateField varsinaissuomenpalvelut2013 Postinumer [Postinro] VB #</Process><Process ToolSource="c:\program files\arcgis\desktop10.2\ArcToolbox\Toolboxes\Data Management Tools.tbx\CalculateField" Date="20140523" Time="115505">CalculateField varsinaissuomenpalvelut2013 Postinumer [Postinro] VB #</Process><Process ToolSource="c:\program files\arcgis\desktop10.2\ArcToolbox\Toolboxes\Data Management Tools.tbx\CalculateField" Date="20140523" Time="115552">CalculateField varsinaissuomenpalvelut2013 Postinumer [Postinro] VB #</Process><Process ToolSource="c:\program files\arcgis\desktop10.2\ArcToolbox\Toolboxes\Data Management Tools.tbx\CalculateField" Date="20140523" Time="115624">CalculateField varsinaissuomenpalvelut2013 Postinro [Postinumer] VB #</Process><Process ToolSource="c:\program files\arcgis\desktop10.2\ArcToolbox\Toolboxes\Data Management Tools.tbx\CalculateField" Date="20140523" Time="115641">CalculateField varsinaissuomenpalvelut2013 Postinro [Postinumer] VB #</Process><Process ToolSource="c:\program files\arcgis\desktop10.2\ArcToolbox\Toolboxes\Data Management Tools.tbx\CalculateField" Date="20140523" Time="115651">CalculateField varsinaissuomenpalvelut2013 Postinro [Postinumer] VB #</Process><Process ToolSource="c:\program files\arcgis\desktop10.2\ArcToolbox\Toolboxes\Data Management Tools.tbx\CalculateField" Date="20140523" Time="115700">CalculateField varsinaissuomenpalvelut2013 Postinro [Postinumer] VB #</Process><Process ToolSource="c:\program files\arcgis\desktop10.2\ArcToolbox\Toolboxes\Data Management Tools.tbx\CalculateField" Date="20140523" Time="115712">CalculateField varsinaissuomenpalvelut2013 Postinro [Postinumer] VB #</Process><Process ToolSource="c:\program files\arcgis\desktop10.2\ArcToolbox\Toolboxes\Data Management Tools.tbx\CalculateField" Date="20140523" Time="115722">CalculateField varsinaissuomenpalvelut2013 Postinro [Postinumer] VB #</Process><Process ToolSource="c:\program files\arcgis\desktop10.2\ArcToolbox\Toolboxes\Data Management Tools.tbx\CalculateField" Date="20140523" Time="115732">CalculateField varsinaissuomenpalvelut2013 Postinro [Postinumer] VB #</Process><Process ToolSource="c:\program files\arcgis\desktop10.2\ArcToolbox\Toolboxes\Data Management Tools.tbx\CalculateField" Date="20140523" Time="115741">CalculateField varsinaissuomenpalvelut2013 Postinro [Postinumer] VB #</Process><Process ToolSource="c:\program files\arcgis\desktop10.2\ArcToolbox\Toolboxes\Data Management Tools.tbx\CalculateField" Date="20140523" Time="115749">CalculateField varsinaissuomenpalvelut2013 Postinro [Postinumer] VB #</Process><Process ToolSource="c:\program files\arcgis\desktop10.2\ArcToolbox\Toolboxes\Data Management Tools.tbx\CalculateField" Date="20140523" Time="115855">CalculateField varsinaissuomenpalvelut2013 Postinro [Postinumer] VB #</Process><Process ToolSource="c:\program files\arcgis\desktop10.2\ArcToolbox\Toolboxes\Data Management Tools.tbx\CalculateField" Date="20140523" Time="115956">CalculateField varsinaissuomenpalvelut2013 Postinro [Postinumer] VB #</Process><Process ToolSource="c:\program files\arcgis\desktop10.2\ArcToolbox\Toolboxes\Data Management Tools.tbx\CalculateField" Date="20140523" Time="120352">CalculateField varsinaissuomenpalvelut2013 Lisätiedot [liikunta_j] VB #</Process><Process ToolSource="c:\program files\arcgis\desktop10.2\ArcToolbox\Toolboxes\Data Management Tools.tbx\CalculateField" Date="20140523" Time="120414">CalculateField varsinaissuomenpalvelut2013 Nimi [liikunta_j] VB #</Process><Process ToolSource="c:\program files\arcgis\desktop10.2\ArcToolbox\Toolboxes\Data Management Tools.tbx\CalculateField" Date="20140523" Time="124258">CalculateField varsinaissuomenpalvelut2013 Lisätiedot [Konttori] VB #</Process><Process ToolSource="c:\program files\arcgis\desktop10.2\ArcToolbox\Toolboxes\Data Management Tools.tbx\CalculateField" Date="20140523" Time="124313">CalculateField varsinaissuomenpalvelut2013 Lisätiedot [Konttori] VB #</Process><Process ToolSource="c:\program files\arcgis\desktop10.2\ArcToolbox\Toolboxes\Data Management Tools.tbx\CalculateField" Date="20140523" Time="130452">CalculateField varsinaissuomenpalvelut2013 Kuntanro "19" VB #</Process><Process ToolSource="c:\program files\arcgis\desktop10.2\ArcToolbox\Toolboxes\Data Management Tools.tbx\CalculateField" Date="20140523" Time="130625">CalculateField varsinaissuomenpalvelut2013 Kuntanro "202" VB #</Process><Process ToolSource="c:\program files\arcgis\desktop10.2\ArcToolbox\Toolboxes\Data Management Tools.tbx\CalculateField" Date="20140523" Time="130742">CalculateField varsinaissuomenpalvelut2013 Kuntanro "243" VB #</Process><Process ToolSource="c:\program files\arcgis\desktop10.2\ArcToolbox\Toolboxes\Data Management Tools.tbx\CalculateField" Date="20140523" Time="130832">CalculateField varsinaissuomenpalvelut2013 Kuntanro "284" VB #</Process><Process ToolSource="c:\program files\arcgis\desktop10.2\ArcToolbox\Toolboxes\Data Management Tools.tbx\CalculateField" Date="20140523" Time="130926">CalculateField varsinaissuomenpalvelut2013 Kuntanro "304" VB #</Process><Process ToolSource="c:\program files\arcgis\desktop10.2\ArcToolbox\Toolboxes\Data Management Tools.tbx\CalculateField" Date="20140523" Time="131548">CalculateField varsinaissuomenpalvelut2013 Kuntanro "400" VB #</Process><Process ToolSource="c:\program files\arcgis\desktop10.2\ArcToolbox\Toolboxes\Data Management Tools.tbx\CalculateField" Date="20140523" Time="131631">CalculateField varsinaissuomenpalvelut2013 Kuntanro "423" VB #</Process><Process ToolSource="c:\program files\arcgis\desktop10.2\ArcToolbox\Toolboxes\Data Management Tools.tbx\CalculateField" Date="20140523" Time="131658">CalculateField varsinaissuomenpalvelut2013 Kuntanro "430" VB #</Process><Process ToolSource="c:\program files\arcgis\desktop10.2\ArcToolbox\Toolboxes\Data Management Tools.tbx\CalculateField" Date="20140523" Time="131724">CalculateField varsinaissuomenpalvelut2013 Kuntanro "480" VB #</Process><Process ToolSource="c:\program files\arcgis\desktop10.2\ArcToolbox\Toolboxes\Data Management Tools.tbx\CalculateField" Date="20140523" Time="131812">CalculateField varsinaissuomenpalvelut2013 Kuntanro "481" VB #</Process><Process ToolSource="c:\program files\arcgis\desktop10.2\ArcToolbox\Toolboxes\Data Management Tools.tbx\CalculateField" Date="20140523" Time="131845">CalculateField varsinaissuomenpalvelut2013 Kuntanro "503" VB #</Process><Process ToolSource="c:\program files\arcgis\desktop10.2\ArcToolbox\Toolboxes\Data Management Tools.tbx\CalculateField" Date="20140523" Time="131925">CalculateField varsinaissuomenpalvelut2013 Kuntanro "529" VB #</Process><Process ToolSource="c:\program files\arcgis\desktop10.2\ArcToolbox\Toolboxes\Data Management Tools.tbx\CalculateField" Date="20140523" Time="131951">CalculateField varsinaissuomenpalvelut2013 Kuntanro "538" VB #</Process><Process ToolSource="c:\program files\arcgis\desktop10.2\ArcToolbox\Toolboxes\Data Management Tools.tbx\CalculateField" Date="20140523" Time="132019">CalculateField varsinaissuomenpalvelut2013 Kuntanro "561" VB #</Process><Process ToolSource="c:\program files\arcgis\desktop10.2\ArcToolbox\Toolboxes\Data Management Tools.tbx\CalculateField" Date="20140523" Time="132052">CalculateField varsinaissuomenpalvelut2013 Kuntanro "577" VB #</Process><Process ToolSource="c:\program files\arcgis\desktop10.2\ArcToolbox\Toolboxes\Data Management Tools.tbx\CalculateField" Date="20140523" Time="132123">CalculateField varsinaissuomenpalvelut2013 Kuntanro "445" VB #</Process><Process ToolSource="c:\program files\arcgis\desktop10.2\ArcToolbox\Toolboxes\Data Management Tools.tbx\CalculateField" Date="20140523" Time="132154">CalculateField varsinaissuomenpalvelut2013 Kuntanro "631" VB #</Process><Process ToolSource="c:\program files\arcgis\desktop10.2\ArcToolbox\Toolboxes\Data Management Tools.tbx\CalculateField" Date="20140523" Time="132229">CalculateField varsinaissuomenpalvelut2013 Kuntanro "636" VB #</Process><Process ToolSource="c:\program files\arcgis\desktop10.2\ArcToolbox\Toolboxes\Data Management Tools.tbx\CalculateField" Date="20140523" Time="132301">CalculateField varsinaissuomenpalvelut2013 Kuntanro "680" VB #</Process><Process ToolSource="c:\program files\arcgis\desktop10.2\ArcToolbox\Toolboxes\Data Management Tools.tbx\CalculateField" Date="20140523" Time="132333">CalculateField varsinaissuomenpalvelut2013 Kuntanro "704" VB #</Process><Process ToolSource="c:\program files\arcgis\desktop10.2\ArcToolbox\Toolboxes\Data Management Tools.tbx\CalculateField" Date="20140523" Time="132409">CalculateField varsinaissuomenpalvelut2013 Kuntanro "734" VB #</Process><Process ToolSource="c:\program files\arcgis\desktop10.2\ArcToolbox\Toolboxes\Data Management Tools.tbx\CalculateField" Date="20140523" Time="132454">CalculateField varsinaissuomenpalvelut2013 Kuntanro "738" VB #</Process><Process ToolSource="c:\program files\arcgis\desktop10.2\ArcToolbox\Toolboxes\Data Management Tools.tbx\CalculateField" Date="20140523" Time="132520">CalculateField varsinaissuomenpalvelut2013 Kuntanro "761" VB #</Process><Process ToolSource="c:\program files\arcgis\desktop10.2\ArcToolbox\Toolboxes\Data Management Tools.tbx\CalculateField" Date="20140523" Time="132548">CalculateField varsinaissuomenpalvelut2013 Kuntanro "833" VB #</Process><Process ToolSource="c:\program files\arcgis\desktop10.2\ArcToolbox\Toolboxes\Data Management Tools.tbx\CalculateField" Date="20140523" Time="132627">CalculateField varsinaissuomenpalvelut2013 Kuntanro "838" VB #</Process><Process ToolSource="c:\program files\arcgis\desktop10.2\ArcToolbox\Toolboxes\Data Management Tools.tbx\CalculateField" Date="20140523" Time="132659">CalculateField varsinaissuomenpalvelut2013 Kuntanro "853" VB #</Process><Process ToolSource="c:\program files\arcgis\desktop10.2\ArcToolbox\Toolboxes\Data Management Tools.tbx\CalculateField" Date="20140523" Time="132728">CalculateField varsinaissuomenpalvelut2013 Kuntanro "895" VB #</Process><Process ToolSource="c:\program files\arcgis\desktop10.2\ArcToolbox\Toolboxes\Data Management Tools.tbx\CalculateField" Date="20140523" Time="132800">CalculateField varsinaissuomenpalvelut2013 Kuntanro "918" VB #</Process><Process ToolSource="c:\program files\arcgis\desktop10.2\ArcToolbox\Toolboxes\Data Management Tools.tbx\CalculateField" Date="20140626" Time="160002">CalculateField varsinaissuomenpalvelut2013 Kunta "Kaarina" VB #</Process><Process ToolSource="c:\program files\arcgis\desktop10.2\ArcToolbox\Toolboxes\Data Management Tools.tbx\CalculateField" Date="20140626" Time="160038">CalculateField varsinaissuomenpalvelut2013 Kunta "Kemiönsaari" VB #</Process><Process ToolSource="c:\program files\arcgis\desktop10.2\ArcToolbox\Toolboxes\Data Management Tools.tbx\CalculateField" Date="20140626" Time="160105">CalculateField varsinaissuomenpalvelut2013 Kunta "Koski Tli" VB #</Process><Process ToolSource="c:\program files\arcgis\desktop10.2\ArcToolbox\Toolboxes\Data Management Tools.tbx\CalculateField" Date="20140626" Time="160117">CalculateField varsinaissuomenpalvelut2013 Kunta "Koski Tl" VB #</Process><Process ToolSource="c:\program files\arcgis\desktop10.2\ArcToolbox\Toolboxes\Data Management Tools.tbx\CalculateField" Date="20140626" Time="160142">CalculateField varsinaissuomenpalvelut2013 Kunta "Kustavi" VB #</Process><Process ToolSource="c:\program files\arcgis\desktop10.2\ArcToolbox\Toolboxes\Data Management Tools.tbx\CalculateField" Date="20140626" Time="160213">CalculateField varsinaissuomenpalvelut2013 Kunta "Laitila" VB #</Process><Process ToolSource="c:\program files\arcgis\desktop10.2\ArcToolbox\Toolboxes\Data Management Tools.tbx\CalculateField" Date="20140626" Time="160311">CalculateField varsinaissuomenpalvelut2013 Kunta "Lieto" VB #</Process><Process ToolSource="c:\program files\arcgis\desktop10.2\ArcToolbox\Toolboxes\Data Management Tools.tbx\CalculateField" Date="20140626" Time="160341">CalculateField varsinaissuomenpalvelut2013 Kunta "Loimaa" VB #</Process><Process ToolSource="c:\program files\arcgis\desktop10.2\ArcToolbox\Toolboxes\Data Management Tools.tbx\CalculateField" Date="20140626" Time="160409">CalculateField varsinaissuomenpalvelut2013 Kunta "Parainen" VB #</Process><Process ToolSource="c:\program files\arcgis\desktop10.2\ArcToolbox\Toolboxes\Data Management Tools.tbx\CalculateField" Date="20140626" Time="160428">CalculateField varsinaissuomenpalvelut2013 Kunta "Marttila" VB #</Process><Process ToolSource="c:\program files\arcgis\desktop10.2\ArcToolbox\Toolboxes\Data Management Tools.tbx\CalculateField" Date="20140626" Time="160455">CalculateField varsinaissuomenpalvelut2013 Kunta "Masku" VB #</Process><Process ToolSource="c:\program files\arcgis\desktop10.2\ArcToolbox\Toolboxes\Data Management Tools.tbx\CalculateField" Date="20140626" Time="160521">CalculateField varsinaissuomenpalvelut2013 Kunta "Mynämäki" VB #</Process><Process ToolSource="c:\program files\arcgis\desktop10.2\ArcToolbox\Toolboxes\Data Management Tools.tbx\CalculateField" Date="20140626" Time="160549">CalculateField varsinaissuomenpalvelut2013 Kunta "Naantali" VB #</Process><Process ToolSource="c:\program files\arcgis\desktop10.2\ArcToolbox\Toolboxes\Data Management Tools.tbx\CalculateField" Date="20140626" Time="160610">CalculateField varsinaissuomenpalvelut2013 Kunta "Nousiainen" VB #</Process><Process ToolSource="c:\program files\arcgis\desktop10.2\ArcToolbox\Toolboxes\Data Management Tools.tbx\CalculateField" Date="20140626" Time="160630">CalculateField varsinaissuomenpalvelut2013 Kunta "Oripää" VB #</Process><Process ToolSource="c:\program files\arcgis\desktop10.2\ArcToolbox\Toolboxes\Data Management Tools.tbx\CalculateField" Date="20140626" Time="160743">CalculateField varsinaissuomenpalvelut2013 Kunta "Paimio" VB #</Process><Process ToolSource="c:\program files\arcgis\desktop10.2\ArcToolbox\Toolboxes\Data Management Tools.tbx\CalculateField" Date="20140626" Time="160813">CalculateField varsinaissuomenpalvelut2013 Kunta "Pyhäranta" VB #</Process><Process ToolSource="c:\program files\arcgis\desktop10.2\ArcToolbox\Toolboxes\Data Management Tools.tbx\CalculateField" Date="20140626" Time="160856">CalculateField varsinaissuomenpalvelut2013 Kunta "Pöytyä" VB #</Process><Process ToolSource="c:\program files\arcgis\desktop10.2\ArcToolbox\Toolboxes\Data Management Tools.tbx\CalculateField" Date="20140626" Time="160918">CalculateField varsinaissuomenpalvelut2013 Kunta "Raisio" VB #</Process><Process ToolSource="c:\program files\arcgis\desktop10.2\ArcToolbox\Toolboxes\Data Management Tools.tbx\CalculateField" Date="20140626" Time="160940">CalculateField varsinaissuomenpalvelut2013 Kunta "Rusko" VB #</Process><Process ToolSource="c:\program files\arcgis\desktop10.2\ArcToolbox\Toolboxes\Data Management Tools.tbx\CalculateField" Date="20140626" Time="161012">CalculateField varsinaissuomenpalvelut2013 Kunta "Salo" VB #</Process><Process ToolSource="c:\program files\arcgis\desktop10.2\ArcToolbox\Toolboxes\Data Management Tools.tbx\CalculateField" Date="20140626" Time="161036">CalculateField varsinaissuomenpalvelut2013 Kunta "Sauvo" VB #</Process><Process ToolSource="c:\program files\arcgis\desktop10.2\ArcToolbox\Toolboxes\Data Management Tools.tbx\CalculateField" Date="20140626" Time="161101">CalculateField varsinaissuomenpalvelut2013 Kunta "Somero" VB #</Process><Process ToolSource="c:\program files\arcgis\desktop10.2\ArcToolbox\Toolboxes\Data Management Tools.tbx\CalculateField" Date="20140626" Time="161130">CalculateField varsinaissuomenpalvelut2013 Kunta "Taivassalo" VB #</Process><Process ToolSource="c:\program files\arcgis\desktop10.2\ArcToolbox\Toolboxes\Data Management Tools.tbx\CalculateField" Date="20140626" Time="161150">CalculateField varsinaissuomenpalvelut2013 Kunta "Tarvasjoki" VB #</Process><Process ToolSource="c:\program files\arcgis\desktop10.2\ArcToolbox\Toolboxes\Data Management Tools.tbx\CalculateField" Date="20140626" Time="161219">CalculateField varsinaissuomenpalvelut2013 Kunta "Turku" VB #</Process><Process ToolSource="c:\program files\arcgis\desktop10.2\ArcToolbox\Toolboxes\Data Management Tools.tbx\CalculateField" Date="20140626" Time="161237">CalculateField varsinaissuomenpalvelut2013 Kunta "Uusikaupunki" VB #</Process><Process ToolSource="c:\program files\arcgis\desktop10.2\ArcToolbox\Toolboxes\Data Management Tools.tbx\CalculateField" Date="20140626" Time="161257">CalculateField varsinaissuomenpalvelut2013 Kunta "Vehmaa" VB #</Process><Process ToolSource="c:\program files\arcgis\desktop10.2\ArcToolbox\Toolboxes\Data Management Tools.tbx\CalculateField" Date="20140626" Time="161357">CalculateField varsinaissuomenpalvelut2013 Postinumme [Postinro] VB #</Process><Process ToolSource="c:\program files\arcgis\desktop10.2\ArcToolbox\Toolboxes\Data Management Tools.tbx\CalculateField" Date="20140626" Time="161419">CalculateField varsinaissuomenpalvelut2013 Postinumme [Postinro] VB #</Process><Process ToolSource="c:\program files\arcgis\desktop10.2\ArcToolbox\Toolboxes\Data Management Tools.tbx\CalculateField" Date="20140626" Time="161529">CalculateField varsinaissuomenpalvelut2013 Postinro [Postinumme] VB #</Process><Process ToolSource="c:\program files\arcgis\desktop10.2\ArcToolbox\Toolboxes\Data Management Tools.tbx\CalculateField" Date="20140826" Time="144728">CalculateField varsinaissuomenpalvelut2013 Postinumer [Postinro] VB #</Process><Process ToolSource="c:\program files\arcgis\desktop10.2\ArcToolbox\Toolboxes\Data Management Tools.tbx\CalculateField" Date="20141125" Time="153021">CalculateField varsinaissuomenpalvelut2013 Timestamp "25.11.2014" VB #</Process><Process ToolSource="c:\program files\arcgis\desktop10.2\ArcToolbox\Toolboxes\Data Management Tools.tbx\CalculateField" Date="20141125" Time="153553">CalculateField varsinaissuomenpalvelut2013 Lisätiedot "Hotellit ja majoitus" VB #</Process><Process ToolSource="c:\program files\arcgis\desktop10.2\ArcToolbox\Toolboxes\Data Management Tools.tbx\CalculateField" Date="20141125" Time="153658">CalculateField varsinaissuomenpalvelut2013 Kohde2 "Kulttuuripalvelu" VB #</Process><Process ToolSource="c:\program files\arcgis\desktop10.2\ArcToolbox\Toolboxes\Data Management Tools.tbx\CalculateField" Date="20141125" Time="153717">CalculateField varsinaissuomenpalvelut2013 Kohde2 "Kulttuuripalvelu" VB #</Process><Process ToolSource="c:\program files\arcgis\desktop10.2\ArcToolbox\Toolboxes\Data Management Tools.tbx\CalculateField" Date="20141125" Time="153805">CalculateField varsinaissuomenpalvelut2013 Kohde2 "Museo" VB #</Process><Process ToolSource="c:\program files\arcgis\desktop10.2\ArcToolbox\Toolboxes\Data Management Tools.tbx\CalculateField" Date="20141125" Time="153929">CalculateField varsinaissuomenpalvelut2013 Kohde2 "Hotellit ja majoitus" VB #</Process><Process ToolSource="c:\program files\arcgis\desktop10.2\ArcToolbox\Toolboxes\Data Management Tools.tbx\CalculateField" Date="20141125" Time="154013">CalculateField varsinaissuomenpalvelut2013 Lisätiedot " " VB #</Process><Process ToolSource="c:\program files (x86)\arcgis\desktop10.2\ArcToolbox\Toolboxes\Data Management Tools.tbx\CalculateField" Date="20150415" Time="084848">CalculateField varsinaissuomenpalvelut Kunta "Turku" VB #</Process><Process ToolSource="c:\program files (x86)\arcgis\desktop10.2\ArcToolbox\Toolboxes\Data Management Tools.tbx\CalculateField" Date="20150415" Time="092837">CalculateField varsinaissuomenpalvelut Kohde "pankkiautomaatti" VB #</Process><Process ToolSource="c:\program files (x86)\arcgis\desktop10.2\ArcToolbox\Toolboxes\Data Management Tools.tbx\CalculateField" Date="20150415" Time="092930">CalculateField varsinaissuomenpalvelut Kohde "kierrätyspiste" VB #</Process><Process ToolSource="c:\program files (x86)\arcgis\desktop10.2\ArcToolbox\Toolboxes\Data Management Tools.tbx\CalculateField" Date="20150415" Time="093052">CalculateField varsinaissuomenpalvelut Kohde "neuvola" VB #</Process><Process ToolSource="c:\program files (x86)\arcgis\desktop10.2\ArcToolbox\Toolboxes\Data Management Tools.tbx\CalculateField" Date="20150415" Time="093129">CalculateField varsinaissuomenpalvelut Kohde "yläkoulu" VB #</Process><Process ToolSource="c:\program files (x86)\arcgis\desktop10.2\ArcToolbox\Toolboxes\Data Management Tools.tbx\CalculateField" Date="20150415" Time="093209">CalculateField varsinaissuomenpalvelut Kohde "lukio" VB #</Process><Process ToolSource="c:\program files (x86)\arcgis\desktop10.2\ArcToolbox\Toolboxes\Data Management Tools.tbx\CalculateField" Date="20150415" Time="093239">CalculateField varsinaissuomenpalvelut Kohde "ammatti-instituutti" VB #</Process><Process ToolSource="c:\program files (x86)\arcgis\desktop10.2\ArcToolbox\Toolboxes\Data Management Tools.tbx\CalculateField" Date="20150415" Time="093307">CalculateField varsinaissuomenpalvelut Kohde "yliopisto" VB #</Process><Process ToolSource="c:\program files (x86)\arcgis\desktop10.2\ArcToolbox\Toolboxes\Data Management Tools.tbx\CalculateField" Date="20150415" Time="093339">CalculateField varsinaissuomenpalvelut Kohde "ammattikorkeakoulu" VB #</Process><Process ToolSource="c:\program files (x86)\arcgis\desktop10.2\ArcToolbox\Toolboxes\Data Management Tools.tbx\CalculateField" Date="20150415" Time="093449">CalculateField varsinaissuomenpalvelut Kohde "kansanopisto" VB #</Process><Process ToolSource="c:\program files (x86)\arcgis\desktop10.2\ArcToolbox\Toolboxes\Data Management Tools.tbx\CalculateField" Date="20150415" Time="093514">CalculateField varsinaissuomenpalvelut Kohde "muu opisto" VB #</Process><Process ToolSource="c:\program files (x86)\arcgis\desktop10.2\ArcToolbox\Toolboxes\Data Management Tools.tbx\CalculateField" Date="20150415" Time="093551">CalculateField varsinaissuomenpalvelut Kohde "päiväkoti" VB #</Process><Process ToolSource="c:\program files (x86)\arcgis\desktop10.2\ArcToolbox\Toolboxes\Data Management Tools.tbx\CalculateField" Date="20150415" Time="093624">CalculateField varsinaissuomenpalvelut Kohde "iltapäiväkerho" VB #</Process><Process ToolSource="c:\program files (x86)\arcgis\desktop10.2\ArcToolbox\Toolboxes\Data Management Tools.tbx\CalculateField" Date="20150415" Time="093656">CalculateField varsinaissuomenpalvelut Kohde "kunnanvirasto" VB #</Process><Process ToolSource="c:\program files (x86)\arcgis\desktop10.2\ArcToolbox\Toolboxes\Data Management Tools.tbx\CalculateField" Date="20150415" Time="093722">CalculateField varsinaissuomenpalvelut Kohde "yhteispalvelu" VB #</Process><Process ToolSource="c:\program files (x86)\arcgis\desktop10.2\ArcToolbox\Toolboxes\Data Management Tools.tbx\CalculateField" Date="20150415" Time="093835">CalculateField varsinaissuomenpalvelut Kohde "kela" VB #</Process><Process ToolSource="c:\program files (x86)\arcgis\desktop10.2\ArcToolbox\Toolboxes\Data Management Tools.tbx\CalculateField" Date="20150415" Time="093901">CalculateField varsinaissuomenpalvelut Kohde "kirjasto" VB #</Process><Process ToolSource="c:\program files (x86)\arcgis\desktop10.2\ArcToolbox\Toolboxes\Data Management Tools.tbx\CalculateField" Date="20150415" Time="093929">CalculateField varsinaissuomenpalvelut Kohde "te-toimisto" VB #</Process><Process ToolSource="c:\program files (x86)\arcgis\desktop10.2\ArcToolbox\Toolboxes\Data Management Tools.tbx\CalculateField" Date="20150415" Time="094009">CalculateField varsinaissuomenpalvelut Kohde "kirjastoautopysäkki" VB #</Process><Process ToolSource="c:\program files (x86)\arcgis\desktop10.2\ArcToolbox\Toolboxes\Data Management Tools.tbx\CalculateField" Date="20150415" Time="094341">CalculateField varsinaissuomenpalvelut Kohde "kirkko" VB #</Process><Process ToolSource="c:\program files (x86)\arcgis\desktop10.2\ArcToolbox\Toolboxes\Data Management Tools.tbx\CalculateField" Date="20150415" Time="094400">CalculateField varsinaissuomenpalvelut Kohde "kappeli" VB #</Process><Process ToolSource="c:\program files (x86)\arcgis\desktop10.2\ArcToolbox\Toolboxes\Data Management Tools.tbx\CalculateField" Date="20150415" Time="094433">CalculateField varsinaissuomenpalvelut Kohde "seurakuntatalo" VB #</Process><Process ToolSource="c:\program files (x86)\arcgis\desktop10.2\ArcToolbox\Toolboxes\Data Management Tools.tbx\CalculateField" Date="20150415" Time="094501">CalculateField varsinaissuomenpalvelut Kohde "kerhotila" VB #</Process><Process ToolSource="c:\program files (x86)\arcgis\desktop10.2\ArcToolbox\Toolboxes\Data Management Tools.tbx\CalculateField" Date="20150415" Time="094531">CalculateField varsinaissuomenpalvelut Kohde "leirikeskus" VB #</Process><Process ToolSource="c:\program files (x86)\arcgis\desktop10.2\ArcToolbox\Toolboxes\Data Management Tools.tbx\CalculateField" Date="20150415" Time="094600">CalculateField varsinaissuomenpalvelut Kohde "uimahalli" VB #</Process><Process ToolSource="c:\program files (x86)\arcgis\desktop10.2\ArcToolbox\Toolboxes\Data Management Tools.tbx\CalculateField" Date="20150415" Time="094645">CalculateField varsinaissuomenpalvelut Kohde "maauimala tai uimapaikka" VB #</Process><Process ToolSource="c:\program files (x86)\arcgis\desktop10.2\ArcToolbox\Toolboxes\Data Management Tools.tbx\CalculateField" Date="20150415" Time="094732">CalculateField varsinaissuomenpalvelut Kohde "liikuntareitti" VB #</Process><Process ToolSource="c:\program files (x86)\arcgis\desktop10.2\ArcToolbox\Toolboxes\Data Management Tools.tbx\CalculateField" Date="20150415" Time="094813">CalculateField varsinaissuomenpalvelut Kohde "jäähalli" VB #</Process><Process ToolSource="c:\program files (x86)\arcgis\desktop10.2\ArcToolbox\Toolboxes\Data Management Tools.tbx\CalculateField" Date="20150415" Time="094849">CalculateField varsinaissuomenpalvelut Kohde "liikunta- tai palloiluhalli" VB #</Process><Process ToolSource="c:\program files (x86)\arcgis\desktop10.2\ArcToolbox\Toolboxes\Data Management Tools.tbx\CalculateField" Date="20150415" Time="094929">CalculateField varsinaissuomenpalvelut Kohde "kuntosali" VB #</Process><Process ToolSource="c:\program files (x86)\arcgis\desktop10.2\ArcToolbox\Toolboxes\Data Management Tools.tbx\CalculateField" Date="20150415" Time="094958">CalculateField varsinaissuomenpalvelut Kohde "urheilukenttä" VB #</Process><Process ToolSource="c:\program files (x86)\arcgis\desktop10.2\ArcToolbox\Toolboxes\Data Management Tools.tbx\CalculateField" Date="20150415" Time="095041">CalculateField varsinaissuomenpalvelut Kohde "moottoriurheilurata" VB #</Process><Process ToolSource="c:\program files (x86)\arcgis\desktop10.2\ArcToolbox\Toolboxes\Data Management Tools.tbx\CalculateField" Date="20150415" Time="095128">CalculateField varsinaissuomenpalvelut Kohde "katsastusasema" VB #</Process><Process ToolSource="c:\program files (x86)\arcgis\desktop10.2\ArcToolbox\Toolboxes\Data Management Tools.tbx\CalculateField" Date="20150415" Time="095153">CalculateField varsinaissuomenpalvelut Kohde "apteekki" VB #</Process><Process ToolSource="c:\program files (x86)\arcgis\desktop10.2\ArcToolbox\Toolboxes\Data Management Tools.tbx\CalculateField" Date="20150415" Time="095226">CalculateField varsinaissuomenpalvelut Kohde "pankki" VB #</Process><Process ToolSource="c:\program files (x86)\arcgis\desktop10.2\ArcToolbox\Toolboxes\Data Management Tools.tbx\CalculateField" Date="20150415" Time="095249">CalculateField varsinaissuomenpalvelut Kohde "posti" VB #</Process><Process ToolSource="c:\program files (x86)\arcgis\desktop10.2\ArcToolbox\Toolboxes\Data Management Tools.tbx\CalculateField" Date="20150415" Time="095341">CalculateField varsinaissuomenpalvelut Kohde "päivittäistavarakaupan ketjumyymälä" VB #</Process><Process ToolSource="c:\program files (x86)\arcgis\desktop10.2\ArcToolbox\Toolboxes\Data Management Tools.tbx\CalculateField" Date="20150415" Time="095544">CalculateField varsinaissuomenpalvelut Kohde "matkahuoltoasiamies" VB #</Process><Process ToolSource="c:\program files (x86)\arcgis\desktop10.2\ArcToolbox\Toolboxes\Data Management Tools.tbx\CalculateField" Date="20150415" Time="095619">CalculateField varsinaissuomenpalvelut Kohde "hammashoitola" VB #</Process><Process ToolSource="c:\program files (x86)\arcgis\desktop10.2\ArcToolbox\Toolboxes\Data Management Tools.tbx\CalculateField" Date="20150415" Time="095659">CalculateField varsinaissuomenpalvelut Kohde "kotihoito" VB #</Process><Process ToolSource="c:\program files (x86)\arcgis\desktop10.2\ArcToolbox\Toolboxes\Data Management Tools.tbx\CalculateField" Date="20150415" Time="095720">CalculateField varsinaissuomenpalvelut Kohde "kotipalvelu" VB #</Process><Process ToolSource="c:\program files (x86)\arcgis\desktop10.2\ArcToolbox\Toolboxes\Data Management Tools.tbx\CalculateField" Date="20150415" Time="095742">CalculateField varsinaissuomenpalvelut Kohde "kotisairaanhoito" VB #</Process><Process ToolSource="c:\program files (x86)\arcgis\desktop10.2\ArcToolbox\Toolboxes\Data Management Tools.tbx\CalculateField" Date="20150415" Time="095807">CalculateField varsinaissuomenpalvelut Kohde "kunnallinen terveyskeskus" VB #</Process><Process ToolSource="c:\program files (x86)\arcgis\desktop10.2\ArcToolbox\Toolboxes\Data Management Tools.tbx\CalculateField" Date="20150415" Time="095835">CalculateField varsinaissuomenpalvelut Kohde "lääkäripalvelut" VB #</Process><Process ToolSource="c:\program files (x86)\arcgis\desktop10.2\ArcToolbox\Toolboxes\Data Management Tools.tbx\CalculateField" Date="20150415" Time="095924">CalculateField varsinaissuomenpalvelut Kohde "palvelutalo tai ryhmäkoti" VB #</Process><Process ToolSource="c:\program files (x86)\arcgis\desktop10.2\ArcToolbox\Toolboxes\Data Management Tools.tbx\CalculateField" Date="20150415" Time="100000">CalculateField varsinaissuomenpalvelut Kohde "päihdehuolto" VB #</Process><Process ToolSource="c:\program files (x86)\arcgis\desktop10.2\ArcToolbox\Toolboxes\Data Management Tools.tbx\CalculateField" Date="20150415" Time="100026">CalculateField varsinaissuomenpalvelut Kohde "sairaala" VB #</Process><Process ToolSource="c:\program files (x86)\arcgis\desktop10.2\ArcToolbox\Toolboxes\Data Management Tools.tbx\CalculateField" Date="20150415" Time="101216">CalculateField varsinaissuomenpalvelut Kohde "sosiaalitoimisto" VB #</Process><Process ToolSource="c:\program files (x86)\arcgis\desktop10.2\ArcToolbox\Toolboxes\Data Management Tools.tbx\CalculateField" Date="20150415" Time="101246">CalculateField varsinaissuomenpalvelut Kohde "vanhainkoti" VB #</Process><Process ToolSource="c:\program files (x86)\arcgis\desktop10.2\ArcToolbox\Toolboxes\Data Management Tools.tbx\CalculateField" Date="20150415" Time="101305">CalculateField varsinaissuomenpalvelut Kohde "yksityinen sairaala" VB #</Process><Process ToolSource="c:\program files (x86)\arcgis\desktop10.2\ArcToolbox\Toolboxes\Data Management Tools.tbx\CalculateField" Date="20150415" Time="101346">CalculateField varsinaissuomenpalvelut Kohde "nuorisotila" VB #</Process><Process ToolSource="c:\program files (x86)\arcgis\desktop10.2\ArcToolbox\Toolboxes\Data Management Tools.tbx\CalculateField" Date="20150415" Time="101413">CalculateField varsinaissuomenpalvelut Kohde "poliisiasema" VB #</Process><Process ToolSource="c:\program files (x86)\arcgis\desktop10.2\ArcToolbox\Toolboxes\Data Management Tools.tbx\CalculateField" Date="20150415" Time="102647">CalculateField varsinaissuomenpalvelut Kohde "pakettiautomaatti" VB #</Process><Process ToolSource="c:\program files (x86)\arcgis\desktop10.2\ArcToolbox\Toolboxes\Data Management Tools.tbx\CalculateField" Date="20150415" Time="103227">CalculateField varsinaissuomenpalvelut Kohde "venesatama" VB #</Process><Process ToolSource="c:\program files (x86)\arcgis\desktop10.2\ArcToolbox\Toolboxes\Data Management Tools.tbx\CalculateField" Date="20150415" Time="104903">CalculateField varsinaissuomenpalvelut Timestamp "01.01.2013" VB #</Process><Process ToolSource="c:\program files (x86)\arcgis\desktop10.2\ArcToolbox\Toolboxes\Data Management Tools.tbx\CalculateField" Date="20150415" Time="104920">CalculateField varsinaissuomenpalvelut Timestamp "01.01.2013" VB #</Process></lineage></DataProperties><SyncDate>20121203</SyncDate><SyncTime>15342200</SyncTime><ModDate>20121203</ModDate><ModTime>15342200</ModTime><ArcGISFormat>1.0</ArcGISFormat></Esri><idinfo><citation><citeinfo><onlink Sync="TRUE">\\virasto\Projektit\lounaispaikka\Paikkatieto keskus\Aineistoja\RM35 Palvelut_MapInfo_Euref\shape\Ala_asteet_euref_point</onlink></citeinfo></citation></idinfo><distInfo><distributor><distorTran><onLineSrc><linkage Sync="TRUE">file://\\virasto\Projektit\lounaispaikka\Paikkatieto keskus\Aineistoja\RM35 Palvelut_MapInfo_Euref\shape\Ala_asteet_euref_point</linkage><protocol Sync="TRUE">Local Area Network</protocol></onLineSrc></distorTran></distributor><distFormat><formatName Sync="TRUE">Shapefile</formatName></distFormat><distTranOps><transSize Sync="TRUE">0.000</transSize></distTranOps></distInfo><dataqual><lineage><procstep><procdesc Sync="TRUE">Dataset moved.</procdesc><srcused Sync="TRUE">Y:\Paikkatieto keskus\Aineistoja\RM35 Palvelut_MapInfo_Euref\Ala_asteet_euref_point</srcused><procdate Sync="TRUE">20100611</procdate><proctime Sync="TRUE">13261700</proctime></procstep></lineage></dataqual><dataIdInfo><envirDesc Sync="TRUE">Microsoft Windows 7 Version 6.1 (Build 7601) Service Pack 1; ESRI ArcGIS 10.0.3.3600</envirDesc><dataLang><languageCode value="fin" Sync="TRUE"></languageCode><countryCode value="FIN" Sync="TRUE"></countryCode></dataLang><idCitation><resTitle Sync="TRUE">Kaikkipalvelut03122012</resTitle><presForm><PresFormCd value="005" Sync="TRUE"></PresFormCd></presForm></idCitation><spatRpType><SpatRepTypCd value="001" Sync="TRUE"></SpatRepTypCd></spatRpType></dataIdInfo><mdLang><languageCode value="fin" Sync="TRUE"></languageCode><countryCode value="FIN" Sync="TRUE"></countryCode></mdLang><mdHrLv><ScopeCd value="005" Sync="TRUE"></ScopeCd></mdHrLv><mdHrLvName Sync="TRUE">dataset</mdHrLvName><refSysInfo><RefSystem><refSysID><identCode code="3067" Sync="TRUE" value="3067"></identCode><idCodeSpace Sync="TRUE">EPSG</idCodeSpace><idVersion Sync="TRUE">7.4.1</idVersion></refSysID></RefSystem></refSysInfo><spatRepInfo><VectSpatRep><geometObjs Name="Kaikkipalvelut03122012"><geoObjTyp><GeoObjTypCd value="004" Sync="TRUE"></GeoObjTypCd></geoObjTyp><geoObjCnt Sync="TRUE">0</geoObjCnt></geometObjs><topLvl><TopoLevCd value="001" Sync="TRUE"></TopoLevCd></topLvl></VectSpatRep></spatRepInfo><spdoinfo><ptvctinf><esriterm><efeatyp Sync="TRUE">Simple</efeatyp><efeageom code="1" Sync="TRUE"></efeageom><esritopo Sync="TRUE">FALSE</esritopo><efeacnt Sync="TRUE">0</efeacnt><spindex Sync="TRUE">FALSE</spindex><linrefer Sync="TRUE">TRUE</linrefer></esriterm></ptvctinf></spdoinfo><eainfo><detailed Name="Kaikkipalvelut03122012"><enttyp><enttypl Sync="TRUE">Kaikkipalvelut03122012</enttypl><enttypt Sync="TRUE">Feature Class</enttypt><enttypc Sync="TRUE">0</enttypc></enttyp><attr><attrlabl Sync="TRUE">FID</attrlabl><attalias Sync="TRUE">FID</attalias><attrtype Sync="TRUE">OID</attrtype><attwidth Sync="TRUE">4</attwidth><atprecis Sync="TRUE">0</atprecis><attscale Sync="TRUE">0</attscale><attrdef Sync="TRUE">Internal feature number.</attrdef><attrdefs Sync="TRUE">ESRI</attrdefs><attrdomv><udom Sync="TRUE">Sequential unique whole numbers that are automatically generated.</udom></attrdomv></attr><attr><attrlabl Sync="TRUE">Shape</attrlabl><attalias Sync="TRUE">Shape</attalias><attrtype Sync="TRUE">Geometry</attrtype><attwidth Sync="TRUE">0</attwidth><atprecis Sync="TRUE">0</atprecis><attscale Sync="TRUE">0</attscale><attrdef Sync="TRUE">Feature geometry.</attrdef><attrdefs Sync="TRUE">ESRI</attrdefs><attrdomv><udom Sync="TRUE">Coordinates defining the features.</udom></attrdomv></attr><attr><attrlabl Sync="TRUE">Kohde</attrlabl><attalias Sync="TRUE">Kohde</attalias><attrtype Sync="TRUE">String</attrtype><attwidth Sync="TRUE">50</attwidth><atprecis Sync="TRUE">0</atprecis><attscale Sync="TRUE">0</attscale></attr><attr><attrlabl Sync="TRUE">Luokat</attrlabl><attalias Sync="TRUE">Luokat</attalias><attrtype Sync="TRUE">String</attrtype><attwidth Sync="TRUE">30</attwidth><atprecis Sync="TRUE">0</atprecis><attscale Sync="TRUE">0</attscale></attr><attr><attrlabl Sync="TRUE">Koulu</attrlabl><attalias Sync="TRUE">Koulu</attalias><attrtype Sync="TRUE">String</attrtype><attwidth Sync="TRUE">50</attwidth><atprecis Sync="TRUE">0</atprecis><attscale Sync="TRUE">0</attscale></attr><attr><attrlabl Sync="TRUE">www_osoite</attrlabl><attalias Sync="TRUE">www_osoite</attalias><attrtype Sync="TRUE">String</attrtype><attwidth Sync="TRUE">223</attwidth><atprecis Sync="TRUE">0</atprecis><attscale Sync="TRUE">0</attscale></attr><attr><attrlabl Sync="TRUE">Loc_name</attrlabl><attalias Sync="TRUE">Loc_name</attalias><attrtype Sync="TRUE">String</attrtype><attwidth Sync="TRUE">89</attwidth><atprecis Sync="TRUE">0</atprecis><attscale Sync="TRUE">0</attscale></attr><attr><attrlabl Sync="TRUE">Status</attrlabl><attalias Sync="TRUE">Status</attalias><attrtype Sync="TRUE">String</attrtype><attwidth Sync="TRUE">1</attwidth><atprecis Sync="TRUE">0</atprecis><attscale Sync="TRUE">0</attscale></attr><attr><attrlabl Sync="TRUE">Score</attrlabl><attalias Sync="TRUE">Score</attalias><attrtype Sync="TRUE">SmallInteger</attrtype><attwidth Sync="TRUE">4</attwidth><atprecis Sync="TRUE">4</atprecis><attscale Sync="TRUE">0</attscale></attr><attr><attrlabl Sync="TRUE">Match_type</attrlabl><attalias Sync="TRUE">Match_type</attalias><attrtype Sync="TRUE">String</attrtype><attwidth Sync="TRUE">2</attwidth><atprecis Sync="TRUE">0</atprecis><attscale Sync="TRUE">0</attscale></attr><attr><attrlabl Sync="TRUE">Side</attrlabl><attalias Sync="TRUE">Side</attalias><attrtype Sync="TRUE">String</attrtype><attwidth Sync="TRUE">1</attwidth><atprecis Sync="TRUE">0</atprecis><attscale Sync="TRUE">0</attscale></attr><attr><attrlabl Sync="TRUE">X</attrlabl><attalias Sync="TRUE">X</attalias><attrtype Sync="TRUE">Double</attrtype><attwidth Sync="TRUE">19</attwidth><atprecis Sync="TRUE">0</atprecis><attscale Sync="TRUE">0</attscale></attr><attr><attrlabl Sync="TRUE">Y</attrlabl><attalias Sync="TRUE">Y</attalias><attrtype Sync="TRUE">Double</attrtype><attwidth Sync="TRUE">19</attwidth><atprecis Sync="TRUE">0</atprecis><attscale Sync="TRUE">0</attscale></attr><attr><attrlabl Sync="TRUE">Match_addr</attrlabl><attalias Sync="TRUE">Match_addr</attalias><attrtype Sync="TRUE">String</attrtype><attwidth Sync="TRUE">93</attwidth><atprecis Sync="TRUE">0</atprecis><attscale Sync="TRUE">0</attscale></attr><attr><attrlabl Sync="TRUE">Country</attrlabl><attalias Sync="TRUE">Country</attalias><attrtype Sync="TRUE">String</attrtype><attwidth Sync="TRUE">50</attwidth><atprecis Sync="TRUE">0</atprecis><attscale Sync="TRUE">0</attscale></attr><attr><attrlabl Sync="TRUE">Admin_Name</attrlabl><attalias Sync="TRUE">Admin_Name</attalias><attrtype Sync="TRUE">String</attrtype><attwidth Sync="TRUE">80</attwidth><atprecis Sync="TRUE">0</atprecis><attscale Sync="TRUE">0</attscale></attr><attr><attrlabl Sync="TRUE">ARC_Addres</attrlabl><attalias Sync="TRUE">ARC_Addres</attalias><attrtype Sync="TRUE">String</attrtype><attwidth Sync="TRUE">50</attwidth><atprecis Sync="TRUE">0</atprecis><attscale Sync="TRUE">0</attscale></attr><attr><attrlabl Sync="TRUE">ARC_City</attrlabl><attalias Sync="TRUE">ARC_City</attalias><attrtype Sync="TRUE">String</attrtype><attwidth Sync="TRUE">50</attwidth><atprecis Sync="TRUE">0</atprecis><attscale Sync="TRUE">0</attscale></attr><attr><attrlabl Sync="TRUE">ARC_Postco</attrlabl><attalias Sync="TRUE">ARC_Postco</attalias><attrtype Sync="TRUE">String</attrtype><attwidth Sync="TRUE">10</attwidth><atprecis Sync="TRUE">0</atprecis><attscale Sync="TRUE">0</attscale></attr><attr><attrlabl Sync="TRUE">ARC_Countr</attrlabl><attalias Sync="TRUE">ARC_Countr</attalias><attrtype Sync="TRUE">String</attrtype><attwidth Sync="TRUE">50</attwidth><atprecis Sync="TRUE">0</atprecis><attscale Sync="TRUE">0</attscale></attr><attr><attrlabl Sync="TRUE">Alko</attrlabl><attalias Sync="TRUE">Alko</attalias><attrtype Sync="TRUE">String</attrtype><attwidth Sync="TRUE">254</attwidth><atprecis Sync="TRUE">0</atprecis><attscale Sync="TRUE">0</attscale></attr><attr><attrlabl Sync="TRUE">Osoite</attrlabl><attalias Sync="TRUE">Osoite</attalias><attrtype Sync="TRUE">String</attrtype><attwidth Sync="TRUE">254</attwidth><atprecis Sync="TRUE">0</atprecis><attscale Sync="TRUE">0</attscale></attr><attr><attrlabl Sync="TRUE">Postinumer</attrlabl><attalias Sync="TRUE">Postinumer</attalias><attrtype Sync="TRUE">String</attrtype><attwidth Sync="TRUE">254</attwidth><atprecis Sync="TRUE">0</atprecis><attscale Sync="TRUE">0</attscale></attr><attr><attrlabl Sync="TRUE">Kunta</attrlabl><attalias Sync="TRUE">Kunta</attalias><attrtype Sync="TRUE">String</attrtype><attwidth Sync="TRUE">254</attwidth><atprecis Sync="TRUE">0</atprecis><attscale Sync="TRUE">0</attscale></attr><attr><attrlabl Sync="TRUE">Maa</attrlabl><attalias Sync="TRUE">Maa</attalias><attrtype Sync="TRUE">String</attrtype><attwidth Sync="TRUE">254</attwidth><atprecis Sync="TRUE">0</atprecis><attscale Sync="TRUE">0</attscale></attr><attr><attrlabl Sync="TRUE">Lisätieto</attrlabl><attalias Sync="TRUE">Lisätieto</attalias><attrtype Sync="TRUE">String</attrtype><attwidth Sync="TRUE">254</attwidth><atprecis Sync="TRUE">0</atprecis><attscale Sync="TRUE">0</attscale></attr><attr><attrlabl Sync="TRUE">A</attrlabl><attalias Sync="TRUE">A</attalias><attrtype Sync="TRUE">String</attrtype><attwidth Sync="TRUE">29</attwidth><atprecis Sync="TRUE">0</atprecis><attscale Sync="TRUE">0</attscale></attr><attr><attrlabl Sync="TRUE">B</attrlabl><attalias Sync="TRUE">B</attalias><attrtype Sync="TRUE">String</attrtype><attwidth Sync="TRUE">65</attwidth><atprecis Sync="TRUE">0</atprecis><attscale Sync="TRUE">0</attscale></attr><attr><attrlabl Sync="TRUE">D</attrlabl><attalias Sync="TRUE">D</attalias><attrtype Sync="TRUE">Double</attrtype><attwidth Sync="TRUE">19</attwidth><atprecis Sync="TRUE">0</atprecis><attscale Sync="TRUE">0</attscale></attr><attr><attrlabl Sync="TRUE">Apteekki</attrlabl><attalias Sync="TRUE">Apteekki</attalias><attrtype Sync="TRUE">String</attrtype><attwidth Sync="TRUE">254</attwidth><atprecis Sync="TRUE">0</atprecis><attscale Sync="TRUE">0</attscale></attr><attr><attrlabl Sync="TRUE">Kotisivu</attrlabl><attalias Sync="TRUE">Kotisivu</attalias><attrtype Sync="TRUE">String</attrtype><attwidth Sync="TRUE">254</attwidth><atprecis Sync="TRUE">0</atprecis><attscale Sync="TRUE">0</attscale></attr><attr><attrlabl Sync="TRUE">Nimi</attrlabl><attalias Sync="TRUE">Nimi</attalias><attrtype Sync="TRUE">String</attrtype><attwidth Sync="TRUE">254</attwidth><atprecis Sync="TRUE">0</atprecis><attscale Sync="TRUE">0</attscale></attr><attr><attrlabl Sync="TRUE">Postinro</attrlabl><attalias Sync="TRUE">Postinro</attalias><attrtype Sync="TRUE">Double</attrtype><attwidth Sync="TRUE">16</attwidth><atprecis Sync="TRUE">15</atprecis><attscale Sync="TRUE">6</attscale></attr><attr><attrlabl Sync="TRUE">Kunta2011</attrlabl><attalias Sync="TRUE">Kunta2011</attalias><attrtype Sync="TRUE">String</attrtype><attwidth Sync="TRUE">254</attwidth><atprecis Sync="TRUE">0</atprecis><attscale Sync="TRUE">0</attscale></attr><attr><attrlabl Sync="TRUE">Aukiolo</attrlabl><attalias Sync="TRUE">Aukiolo</attalias><attrtype Sync="TRUE">String</attrtype><attwidth Sync="TRUE">50</attwidth><atprecis Sync="TRUE">0</atprecis><attscale Sync="TRUE">0</attscale></attr><attr><attrlabl Sync="TRUE">LÄHIOSOITE</attrlabl><attalias Sync="TRUE">LÄHIOSOITE</attalias><attrtype Sync="TRUE">String</attrtype><attwidth Sync="TRUE">20</attwidth><atprecis Sync="TRUE">0</atprecis><attscale Sync="TRUE">0</attscale></attr><attr><attrlabl Sync="TRUE">E</attrlabl><attalias Sync="TRUE">E</attalias><attrtype Sync="TRUE">Double</attrtype><attwidth Sync="TRUE">19</attwidth><atprecis Sync="TRUE">0</atprecis><attscale Sync="TRUE">0</attscale></attr><attr><attrlabl Sync="TRUE">Alue_2011</attrlabl><attalias Sync="TRUE">Alue_2011</attalias><attrtype Sync="TRUE">String</attrtype><attwidth Sync="TRUE">254</attwidth><atprecis Sync="TRUE">0</atprecis><attscale Sync="TRUE">0</attscale></attr><attr><attrlabl Sync="TRUE">Toimipaikk</attrlabl><attalias Sync="TRUE">Toimipaikk</attalias><attrtype Sync="TRUE">String</attrtype><attwidth Sync="TRUE">254</attwidth><atprecis Sync="TRUE">0</atprecis><attscale Sync="TRUE">0</attscale></attr><attr><attrlabl Sync="TRUE">Toimipai_1</attrlabl><attalias Sync="TRUE">Toimipai_1</attalias><attrtype Sync="TRUE">String</attrtype><attwidth Sync="TRUE">254</attwidth><atprecis Sync="TRUE">0</atprecis><attscale Sync="TRUE">0</attscale></attr><attr><attrlabl Sync="TRUE">Osoitenume</attrlabl><attalias Sync="TRUE">Osoitenume</attalias><attrtype Sync="TRUE">Double</attrtype><attwidth Sync="TRUE">16</attwidth><atprecis Sync="TRUE">15</atprecis><attscale Sync="TRUE">6</attscale></attr><attr><attrlabl Sync="TRUE">Tarkka_oso</attrlabl><attalias Sync="TRUE">Tarkka_oso</attalias><attrtype Sync="TRUE">String</attrtype><attwidth Sync="TRUE">254</attwidth><atprecis Sync="TRUE">0</atprecis><attscale Sync="TRUE">0</attscale></attr><attr><attrlabl Sync="TRUE">Osoite_yhd</attrlabl><attalias Sync="TRUE">Osoite_yhd</attalias><attrtype Sync="TRUE">String</attrtype><attwidth Sync="TRUE">254</attwidth><atprecis Sync="TRUE">0</atprecis><attscale Sync="TRUE">0</attscale></attr><attr><attrlabl Sync="TRUE">C2</attrlabl><attalias Sync="TRUE">C2</attalias><attrtype Sync="TRUE">Double</attrtype><attwidth Sync="TRUE">19</attwidth><atprecis Sync="TRUE">0</atprecis><attscale Sync="TRUE">0</attscale></attr><attr><attrlabl Sync="TRUE">Huoltoasem</attrlabl><attalias Sync="TRUE">Huoltoasem</attalias><attrtype Sync="TRUE">String</attrtype><attwidth Sync="TRUE">254</attwidth><atprecis Sync="TRUE">0</atprecis><attscale Sync="TRUE">0</attscale></attr><attr><attrlabl Sync="TRUE">Tyyppi</attrlabl><attalias Sync="TRUE">Tyyppi</attalias><attrtype Sync="TRUE">String</attrtype><attwidth Sync="TRUE">254</attwidth><atprecis Sync="TRUE">0</atprecis><attscale Sync="TRUE">0</attscale></attr><attr><attrlabl Sync="TRUE">Kunta_2011</attrlabl><attalias Sync="TRUE">Kunta_2011</attalias><attrtype Sync="TRUE">String</attrtype><attwidth Sync="TRUE">254</attwidth><atprecis Sync="TRUE">0</atprecis><attscale Sync="TRUE">0</attscale></attr><attr><attrlabl Sync="TRUE">Sijaintiku</attrlabl><attalias Sync="TRUE">Sijaintiku</attalias><attrtype Sync="TRUE">String</attrtype><attwidth Sync="TRUE">254</attwidth><atprecis Sync="TRUE">0</atprecis><attscale Sync="TRUE">0</attscale></attr><attr><attrlabl Sync="TRUE">Postiosoit</attrlabl><attalias Sync="TRUE">Postiosoit</attalias><attrtype Sync="TRUE">String</attrtype><attwidth Sync="TRUE">254</attwidth><atprecis Sync="TRUE">0</atprecis><attscale Sync="TRUE">0</attscale></attr><attr><attrlabl Sync="TRUE">Postitoimi</attrlabl><attalias Sync="TRUE">Postitoimi</attalias><attrtype Sync="TRUE">String</attrtype><attwidth Sync="TRUE">254</attwidth><atprecis Sync="TRUE">0</atprecis><attscale Sync="TRUE">0</attscale></attr><attr><attrlabl Sync="TRUE">Maakunta</attrlabl><attalias Sync="TRUE">Maakunta</attalias><attrtype Sync="TRUE">String</attrtype><attwidth Sync="TRUE">254</attwidth><atprecis Sync="TRUE">0</atprecis><attscale Sync="TRUE">0</attscale></attr><attr><attrlabl Sync="TRUE">liikunta_j</attrlabl><attalias Sync="TRUE">liikunta_j</attalias><attrtype Sync="TRUE">String</attrtype><attwidth Sync="TRUE">254</attwidth><atprecis Sync="TRUE">0</atprecis><attscale Sync="TRUE">0</attscale></attr><attr><attrlabl Sync="TRUE">kunta1</attrlabl><attalias Sync="TRUE">kunta1</attalias><attrtype Sync="TRUE">String</attrtype><attwidth Sync="TRUE">254</attwidth><atprecis Sync="TRUE">0</atprecis><attscale Sync="TRUE">0</attscale></attr><attr><attrlabl Sync="TRUE">Pankki</attrlabl><attalias Sync="TRUE">Pankki</attalias><attrtype Sync="TRUE">String</attrtype><attwidth Sync="TRUE">254</attwidth><atprecis Sync="TRUE">0</atprecis><attscale Sync="TRUE">0</attscale></attr><attr><attrlabl Sync="TRUE">Konttori</attrlabl><attalias Sync="TRUE">Konttori</attalias><attrtype Sync="TRUE">String</attrtype><attwidth Sync="TRUE">254</attwidth><atprecis Sync="TRUE">0</atprecis><attscale Sync="TRUE">0</attscale></attr><attr><attrlabl Sync="TRUE">Toimipaika</attrlabl><attalias Sync="TRUE">Toimipaika</attalias><attrtype Sync="TRUE">String</attrtype><attwidth Sync="TRUE">254</attwidth><atprecis Sync="TRUE">0</atprecis><attscale Sync="TRUE">0</attscale></attr><attr><attrlabl Sync="TRUE">Hilmon_pal</attrlabl><attalias Sync="TRUE">Hilmon_pal</attalias><attrtype Sync="TRUE">String</attrtype><attwidth Sync="TRUE">254</attwidth><atprecis Sync="TRUE">0</atprecis><attscale Sync="TRUE">0</attscale></attr><attr><attrlabl Sync="TRUE">Toimialalu</attrlabl><attalias Sync="TRUE">Toimialalu</attalias><attrtype Sync="TRUE">String</attrtype><attwidth Sync="TRUE">254</attwidth><atprecis Sync="TRUE">0</atprecis><attscale Sync="TRUE">0</attscale></attr><attr><attrlabl Sync="TRUE">Palveluluo</attrlabl><attalias Sync="TRUE">Palveluluo</attalias><attrtype Sync="TRUE">String</attrtype><attwidth Sync="TRUE">254</attwidth><atprecis Sync="TRUE">0</atprecis><attscale Sync="TRUE">0</attscale></attr><attr><attrlabl Sync="TRUE">Kuntapalve</attrlabl><attalias Sync="TRUE">Kuntapalve</attalias><attrtype Sync="TRUE">String</attrtype><attwidth Sync="TRUE">254</attwidth><atprecis Sync="TRUE">0</atprecis><attscale Sync="TRUE">0</attscale></attr><attr><attrlabl Sync="TRUE">Vakiopalve</attrlabl><attalias Sync="TRUE">Vakiopalve</attalias><attrtype Sync="TRUE">String</attrtype><attwidth Sync="TRUE">254</attwidth><atprecis Sync="TRUE">0</atprecis><attscale Sync="TRUE">0</attscale></attr><attr><attrlabl Sync="TRUE">Lisätiedot</attrlabl><attalias Sync="TRUE">Lisätiedot</attalias><attrtype Sync="TRUE">String</attrtype><attwidth Sync="TRUE">254</attwidth><atprecis Sync="TRUE">0</atprecis><attscale Sync="TRUE">0</attscale></attr><attr><attrlabl Sync="TRUE">Katuosoite</attrlabl><attalias Sync="TRUE">Katuosoite</attalias><attrtype Sync="TRUE">String</attrtype><attwidth Sync="TRUE">254</attwidth><atprecis Sync="TRUE">0</atprecis><attscale Sync="TRUE">0</attscale></attr></detailed></eainfo><mdDateSt Sync="TRUE">20121203</mdDateSt></metadata>
